{
  "evaluation_parameters": {},
  "meta": {
    "active_batch_definition": {
      "batch_identifiers": {},
      "data_asset_name": "second_data.csv",
      "data_connector_name": "default_inferred_data_connector_name",
      "datasource_name": "first_data"
    },
    "batch_markers": {
      "ge_load_time": "20220929T144836.822978Z",
      "pandas_data_fingerprint": "75a2b561f0e993fd6a71751b92728562"
    },
    "batch_spec": {
      "path": "D:\\GreatExpectations\\GE_DEMO\\great_expectations\\data\\second_data.csv"
    },
    "checkpoint_id": null,
    "checkpoint_name": "first_checkpoint",
    "expectation_suite_name": "sabari_expectation2",
    "great_expectations_version": "0.15.25",
    "run_id": {
      "run_name": "20220929-201836-my-run-name-template",
      "run_time": "2022-09-29T20:18:36.822978+00:00"
    },
    "validation_id": null,
    "validation_time": "20220929T144836.880832Z"
  },
  "results": [
    {
      "exception_info": {
        "exception_message": null,
        "exception_traceback": null,
        "raised_exception": false
      },
      "expectation_config": {
        "expectation_type": "expect_table_row_count_to_be_between",
        "kwargs": {
          "batch_id": "deada945c28415fb7b0cfd6f663b7dc3",
          "max_value": 700,
          "min_value": 500
        },
        "meta": {
          "profiler_details": {
            "metric_configuration": {
              "domain_kwargs": {},
              "metric_dependencies": null,
              "metric_name": "table.row_count",
              "metric_value_kwargs": null
            },
            "num_batches": 1
          }
        }
      },
      "meta": {},
      "result": {
        "observed_value": 390
      },
      "success": false
    },
    {
      "exception_info": {
        "exception_message": null,
        "exception_traceback": null,
        "raised_exception": false
      },
      "expectation_config": {
        "expectation_type": "expect_table_columns_to_match_set",
        "kwargs": {
          "batch_id": "deada945c28415fb7b0cfd6f663b7dc3",
          "column_set": [
            "Daily Time Spent on Site",
            "Unnamed: 0",
            "Clicked on Ad",
            "Timestamp",
            "Age",
            "Ad Topic Line",
            "Male",
            "Daily Internet Usage",
            "Country",
            "Area Income",
            "City"
          ],
          "exact_match": null
        },
        "meta": {
          "profiler_details": {
            "success_ratio": 1.0
          }
        }
      },
      "meta": {},
      "result": {
        "observed_value": [
          "Unnamed: 0",
          "Daily Time Spent on Site",
          "Age",
          "Area Income",
          "Daily Internet Usage",
          "Ad Topic Line",
          "City",
          "Male",
          "Country",
          "Timestamp",
          "Clicked on Ad"
        ]
      },
      "success": true
    },
    {
      "exception_info": {
        "exception_message": null,
        "exception_traceback": null,
        "raised_exception": false
      },
      "expectation_config": {
        "expectation_type": "expect_column_values_to_be_unique",
        "kwargs": {
          "batch_id": "deada945c28415fb7b0cfd6f663b7dc3",
          "column": "Area Income"
        },
        "meta": {
          "profiler_details": {
            "metric_configuration": {
              "domain_kwargs": {
                "column": "Area Income"
              },
              "metric_dependencies": null,
              "metric_name": "column_values.unique.unexpected_count",
              "metric_value_kwargs": null
            },
            "num_batches": 1
          }
        }
      },
      "meta": {},
      "result": {
        "element_count": 390,
        "missing_count": 0,
        "missing_percent": 0.0,
        "partial_unexpected_counts": [],
        "partial_unexpected_index_list": null,
        "partial_unexpected_list": [],
        "unexpected_count": 0,
        "unexpected_percent": 0.0,
        "unexpected_percent_nonmissing": 0.0,
        "unexpected_percent_total": 0.0
      },
      "success": true
    },
    {
      "exception_info": {
        "exception_message": null,
        "exception_traceback": null,
        "raised_exception": false
      },
      "expectation_config": {
        "expectation_type": "expect_column_values_to_not_be_null",
        "kwargs": {
          "batch_id": "deada945c28415fb7b0cfd6f663b7dc3",
          "column": "Area Income"
        },
        "meta": {
          "profiler_details": {
            "metric_configuration": {
              "domain_kwargs": {
                "column": "Area Income"
              },
              "metric_dependencies": null,
              "metric_name": "column_values.nonnull.unexpected_count",
              "metric_value_kwargs": null
            },
            "num_batches": 1
          }
        }
      },
      "meta": {},
      "result": {
        "element_count": 390,
        "partial_unexpected_counts": [],
        "partial_unexpected_index_list": null,
        "partial_unexpected_list": [],
        "unexpected_count": 0,
        "unexpected_percent": 0.0
      },
      "success": true
    },
    {
      "exception_info": {
        "exception_message": null,
        "exception_traceback": null,
        "raised_exception": false
      },
      "expectation_config": {
        "expectation_type": "expect_column_min_to_be_between",
        "kwargs": {
          "batch_id": "deada945c28415fb7b0cfd6f663b7dc3",
          "column": "Area Income",
          "max_value": 14548.06,
          "min_value": 14548.06,
          "strict_max": false,
          "strict_min": false
        },
        "meta": {
          "profiler_details": {
            "metric_configuration": {
              "domain_kwargs": {
                "column": "Area Income"
              },
              "metric_dependencies": null,
              "metric_name": "column.min",
              "metric_value_kwargs": null
            },
            "num_batches": 1
          }
        }
      },
      "meta": {},
      "result": {
        "observed_value": 13996.5
      },
      "success": false
    },
    {
      "exception_info": {
        "exception_message": null,
        "exception_traceback": null,
        "raised_exception": false
      },
      "expectation_config": {
        "expectation_type": "expect_column_max_to_be_between",
        "kwargs": {
          "batch_id": "deada945c28415fb7b0cfd6f663b7dc3",
          "column": "Area Income",
          "max_value": 79484.8,
          "min_value": 79484.8,
          "strict_max": false,
          "strict_min": false
        },
        "meta": {
          "profiler_details": {
            "metric_configuration": {
              "domain_kwargs": {
                "column": "Area Income"
              },
              "metric_dependencies": null,
              "metric_name": "column.max",
              "metric_value_kwargs": null
            },
            "num_batches": 1
          }
        }
      },
      "meta": {},
      "result": {
        "observed_value": 79332.33
      },
      "success": false
    },
    {
      "exception_info": {
        "exception_message": null,
        "exception_traceback": null,
        "raised_exception": false
      },
      "expectation_config": {
        "expectation_type": "expect_column_values_to_be_between",
        "kwargs": {
          "batch_id": "deada945c28415fb7b0cfd6f663b7dc3",
          "column": "Area Income",
          "max_value": 79484.8,
          "min_value": 14548.06,
          "mostly": 1.0,
          "strict_max": false,
          "strict_min": false
        },
        "meta": {
          "profiler_details": {
            "column_max_values_range_estimator": {
              "metric_configuration": {
                "domain_kwargs": {
                  "column": "Area Income"
                },
                "metric_dependencies": null,
                "metric_name": "column.max",
                "metric_value_kwargs": null
              },
              "num_batches": 1
            },
            "column_min_values_range_estimator": {
              "metric_configuration": {
                "domain_kwargs": {
                  "column": "Area Income"
                },
                "metric_dependencies": null,
                "metric_name": "column.min",
                "metric_value_kwargs": null
              },
              "num_batches": 1
            }
          }
        }
      },
      "meta": {},
      "result": {
        "element_count": 390,
        "missing_count": 0,
        "missing_percent": 0.0,
        "partial_unexpected_counts": [
          {
            "count": 1,
            "value": 13996.5
          }
        ],
        "partial_unexpected_index_list": null,
        "partial_unexpected_list": [
          13996.5
        ],
        "unexpected_count": 1,
        "unexpected_percent": 0.2564102564102564,
        "unexpected_percent_nonmissing": 0.2564102564102564,
        "unexpected_percent_total": 0.2564102564102564
      },
      "success": false
    },
    {
      "exception_info": {
        "exception_message": null,
        "exception_traceback": null,
        "raised_exception": false
      },
      "expectation_config": {
        "expectation_type": "expect_column_quantile_values_to_be_between",
        "kwargs": {
          "allow_relative_error": false,
          "batch_id": "deada945c28415fb7b0cfd6f663b7dc3",
          "column": "Area Income",
          "quantile_ranges": {
            "quantiles": [
              0.25,
              0.5,
              0.75
            ],
            "value_ranges": [
              [
                47682.28,
                47682.28
              ],
              [
                57519.64,
                57519.64
              ],
              [
                65120.86,
                65120.86
              ]
            ]
          }
        },
        "meta": {
          "profiler_details": {
            "metric_configuration": {
              "domain_kwargs": {
                "column": "Area Income"
              },
              "metric_dependencies": null,
              "metric_name": "column.quantile_values",
              "metric_value_kwargs": {
                "allow_relative_error": false,
                "quantiles": [
                  0.25,
                  0.5,
                  0.75
                ]
              }
            },
            "num_batches": 1
          }
        }
      },
      "meta": {},
      "result": {
        "details": {
          "success_details": [
            false,
            false,
            false
          ]
        },
        "observed_value": {
          "quantiles": [
            0.25,
            0.5,
            0.75
          ],
          "values": [
            46239.14,
            56683.32,
            65773.49
          ]
        }
      },
      "success": false
    },
    {
      "exception_info": {
        "exception_message": null,
        "exception_traceback": null,
        "raised_exception": false
      },
      "expectation_config": {
        "expectation_type": "expect_column_median_to_be_between",
        "kwargs": {
          "batch_id": "deada945c28415fb7b0cfd6f663b7dc3",
          "column": "Area Income",
          "max_value": 57532.6,
          "min_value": 57532.6,
          "strict_max": false,
          "strict_min": false
        },
        "meta": {
          "profiler_details": {
            "metric_configuration": {
              "domain_kwargs": {
                "column": "Area Income"
              },
              "metric_dependencies": null,
              "metric_name": "column.median",
              "metric_value_kwargs": null
            },
            "num_batches": 1
          }
        }
      },
      "meta": {},
      "result": {
        "observed_value": 56706.55
      },
      "success": false
    },
    {
      "exception_info": {
        "exception_message": null,
        "exception_traceback": null,
        "raised_exception": false
      },
      "expectation_config": {
        "expectation_type": "expect_column_mean_to_be_between",
        "kwargs": {
          "batch_id": "deada945c28415fb7b0cfd6f663b7dc3",
          "column": "Area Income",
          "max_value": 55365.62095081966,
          "min_value": 55365.62095081966,
          "strict_max": false,
          "strict_min": false
        },
        "meta": {
          "profiler_details": {
            "metric_configuration": {
              "domain_kwargs": {
                "column": "Area Income"
              },
              "metric_dependencies": null,
              "metric_name": "column.mean",
              "metric_value_kwargs": null
            },
            "num_batches": 1
          }
        }
      },
      "meta": {},
      "result": {
        "observed_value": 54428.13153846154
      },
      "success": false
    },
    {
      "exception_info": {
        "exception_message": null,
        "exception_traceback": null,
        "raised_exception": false
      },
      "expectation_config": {
        "expectation_type": "expect_column_stdev_to_be_between",
        "kwargs": {
          "batch_id": "deada945c28415fb7b0cfd6f663b7dc3",
          "column": "Area Income",
          "max_value": 12992.334778738139,
          "min_value": 12992.334778738139,
          "strict_max": false,
          "strict_min": false
        },
        "meta": {
          "profiler_details": {
            "metric_configuration": {
              "domain_kwargs": {
                "column": "Area Income"
              },
              "metric_dependencies": null,
              "metric_name": "column.standard_deviation",
              "metric_value_kwargs": null
            },
            "num_batches": 1
          }
        }
      },
      "meta": {},
      "result": {
        "observed_value": 14047.633051588657
      },
      "success": false
    },
    {
      "exception_info": {
        "exception_message": null,
        "exception_traceback": null,
        "raised_exception": false
      },
      "expectation_config": {
        "expectation_type": "expect_column_values_to_not_be_null",
        "kwargs": {
          "batch_id": "deada945c28415fb7b0cfd6f663b7dc3",
          "column": "Age"
        },
        "meta": {
          "profiler_details": {
            "metric_configuration": {
              "domain_kwargs": {
                "column": "Age"
              },
              "metric_dependencies": null,
              "metric_name": "column_values.nonnull.unexpected_count",
              "metric_value_kwargs": null
            },
            "num_batches": 1
          }
        }
      },
      "meta": {},
      "result": {
        "element_count": 390,
        "partial_unexpected_counts": [],
        "partial_unexpected_index_list": null,
        "partial_unexpected_list": [],
        "unexpected_count": 0,
        "unexpected_percent": 0.0
      },
      "success": true
    },
    {
      "exception_info": {
        "exception_message": null,
        "exception_traceback": null,
        "raised_exception": false
      },
      "expectation_config": {
        "expectation_type": "expect_column_min_to_be_between",
        "kwargs": {
          "batch_id": "deada945c28415fb7b0cfd6f663b7dc3",
          "column": "Age",
          "max_value": 19,
          "min_value": 19,
          "strict_max": false,
          "strict_min": false
        },
        "meta": {
          "profiler_details": {
            "metric_configuration": {
              "domain_kwargs": {
                "column": "Age"
              },
              "metric_dependencies": null,
              "metric_name": "column.min",
              "metric_value_kwargs": null
            },
            "num_batches": 1
          }
        }
      },
      "meta": {},
      "result": {
        "observed_value": 19
      },
      "success": true
    },
    {
      "exception_info": {
        "exception_message": null,
        "exception_traceback": null,
        "raised_exception": false
      },
      "expectation_config": {
        "expectation_type": "expect_column_max_to_be_between",
        "kwargs": {
          "batch_id": "deada945c28415fb7b0cfd6f663b7dc3",
          "column": "Age",
          "max_value": 61,
          "min_value": 61,
          "strict_max": false,
          "strict_min": false
        },
        "meta": {
          "profiler_details": {
            "metric_configuration": {
              "domain_kwargs": {
                "column": "Age"
              },
              "metric_dependencies": null,
              "metric_name": "column.max",
              "metric_value_kwargs": null
            },
            "num_batches": 1
          }
        }
      },
      "meta": {},
      "result": {
        "observed_value": 600
      },
      "success": false
    },
    {
      "exception_info": {
        "exception_message": null,
        "exception_traceback": null,
        "raised_exception": false
      },
      "expectation_config": {
        "expectation_type": "expect_column_values_to_be_between",
        "kwargs": {
          "batch_id": "deada945c28415fb7b0cfd6f663b7dc3",
          "column": "Age",
          "max_value": 61,
          "min_value": 19,
          "mostly": 1.0,
          "strict_max": false,
          "strict_min": false
        },
        "meta": {
          "profiler_details": {
            "column_max_values_range_estimator": {
              "metric_configuration": {
                "domain_kwargs": {
                  "column": "Age"
                },
                "metric_dependencies": null,
                "metric_name": "column.max",
                "metric_value_kwargs": null
              },
              "num_batches": 1
            },
            "column_min_values_range_estimator": {
              "metric_configuration": {
                "domain_kwargs": {
                  "column": "Age"
                },
                "metric_dependencies": null,
                "metric_name": "column.min",
                "metric_value_kwargs": null
              },
              "num_batches": 1
            }
          }
        }
      },
      "meta": {},
      "result": {
        "element_count": 390,
        "missing_count": 0,
        "missing_percent": 0.0,
        "partial_unexpected_counts": [
          {
            "count": 6,
            "value": 500
          },
          {
            "count": 1,
            "value": 75
          },
          {
            "count": 1,
            "value": 101
          },
          {
            "count": 1,
            "value": 600
          }
        ],
        "partial_unexpected_index_list": null,
        "partial_unexpected_list": [
          75,
          101,
          500,
          600,
          500,
          500,
          500,
          500,
          500
        ],
        "unexpected_count": 9,
        "unexpected_percent": 2.307692307692308,
        "unexpected_percent_nonmissing": 2.307692307692308,
        "unexpected_percent_total": 2.307692307692308
      },
      "success": false
    },
    {
      "exception_info": {
        "exception_message": null,
        "exception_traceback": null,
        "raised_exception": false
      },
      "expectation_config": {
        "expectation_type": "expect_column_quantile_values_to_be_between",
        "kwargs": {
          "allow_relative_error": false,
          "batch_id": "deada945c28415fb7b0cfd6f663b7dc3",
          "column": "Age",
          "quantile_ranges": {
            "quantiles": [
              0.25,
              0.5,
              0.75
            ],
            "value_ranges": [
              [
                29,
                29
              ],
              [
                35,
                35
              ],
              [
                42,
                42
              ]
            ]
          }
        },
        "meta": {
          "profiler_details": {
            "metric_configuration": {
              "domain_kwargs": {
                "column": "Age"
              },
              "metric_dependencies": null,
              "metric_name": "column.quantile_values",
              "metric_value_kwargs": {
                "allow_relative_error": false,
                "quantiles": [
                  0.25,
                  0.5,
                  0.75
                ]
              }
            },
            "num_batches": 1
          }
        }
      },
      "meta": {},
      "result": {
        "details": {
          "success_details": [
            false,
            true,
            true
          ]
        },
        "observed_value": {
          "quantiles": [
            0.25,
            0.5,
            0.75
          ],
          "values": [
            30,
            35,
            42
          ]
        }
      },
      "success": false
    },
    {
      "exception_info": {
        "exception_message": null,
        "exception_traceback": null,
        "raised_exception": false
      },
      "expectation_config": {
        "expectation_type": "expect_column_median_to_be_between",
        "kwargs": {
          "batch_id": "deada945c28415fb7b0cfd6f663b7dc3",
          "column": "Age",
          "max_value": 35.0,
          "min_value": 35.0,
          "strict_max": false,
          "strict_min": false
        },
        "meta": {
          "profiler_details": {
            "metric_configuration": {
              "domain_kwargs": {
                "column": "Age"
              },
              "metric_dependencies": null,
              "metric_name": "column.median",
              "metric_value_kwargs": null
            },
            "num_batches": 1
          }
        }
      },
      "meta": {},
      "result": {
        "observed_value": 35.0
      },
      "success": true
    },
    {
      "exception_info": {
        "exception_message": null,
        "exception_traceback": null,
        "raised_exception": false
      },
      "expectation_config": {
        "expectation_type": "expect_column_mean_to_be_between",
        "kwargs": {
          "batch_id": "deada945c28415fb7b0cfd6f663b7dc3",
          "column": "Age",
          "max_value": 36.05081967213115,
          "min_value": 36.05081967213115,
          "strict_max": false,
          "strict_min": false
        },
        "meta": {
          "profiler_details": {
            "metric_configuration": {
              "domain_kwargs": {
                "column": "Age"
              },
              "metric_dependencies": null,
              "metric_name": "column.mean",
              "metric_value_kwargs": null
            },
            "num_batches": 1
          }
        }
      },
      "meta": {},
      "result": {
        "observed_value": 44.771794871794874
      },
      "success": false
    },
    {
      "exception_info": {
        "exception_message": null,
        "exception_traceback": null,
        "raised_exception": false
      },
      "expectation_config": {
        "expectation_type": "expect_column_stdev_to_be_between",
        "kwargs": {
          "batch_id": "deada945c28415fb7b0cfd6f663b7dc3",
          "column": "Age",
          "max_value": 8.918295855659336,
          "min_value": 8.918295855659336,
          "strict_max": false,
          "strict_min": false
        },
        "meta": {
          "profiler_details": {
            "metric_configuration": {
              "domain_kwargs": {
                "column": "Age"
              },
              "metric_dependencies": null,
              "metric_name": "column.standard_deviation",
              "metric_value_kwargs": null
            },
            "num_batches": 1
          }
        }
      },
      "meta": {},
      "result": {
        "observed_value": 64.41739473808401
      },
      "success": false
    },
    {
      "exception_info": {
        "exception_message": null,
        "exception_traceback": null,
        "raised_exception": false
      },
      "expectation_config": {
        "expectation_type": "expect_column_values_to_be_in_set",
        "kwargs": {
          "batch_id": "deada945c28415fb7b0cfd6f663b7dc3",
          "column": "Age",
          "mostly": 1.0,
          "value_set": [
            19,
            20,
            21,
            22,
            23,
            24,
            25,
            26,
            27,
            28,
            29,
            30,
            31,
            32,
            33,
            34,
            35,
            36,
            37,
            38,
            39,
            40,
            41,
            42,
            43,
            44,
            45,
            46,
            47,
            48,
            49,
            50,
            51,
            52,
            53,
            54,
            55,
            56,
            57,
            58,
            59,
            60,
            61
          ]
        },
        "meta": {
          "profiler_details": {
            "metric_configuration": {
              "domain_kwargs": {
                "column": "Age"
              },
              "metric_dependencies": null,
              "metric_name": "column.distinct_values",
              "metric_value_kwargs": null
            },
            "num_batches": 1,
            "parse_strings_as_datetimes": false
          }
        }
      },
      "meta": {},
      "result": {
        "element_count": 390,
        "missing_count": 0,
        "missing_percent": 0.0,
        "partial_unexpected_counts": [
          {
            "count": 6,
            "value": 500
          },
          {
            "count": 1,
            "value": 75
          },
          {
            "count": 1,
            "value": 101
          },
          {
            "count": 1,
            "value": 600
          }
        ],
        "partial_unexpected_index_list": null,
        "partial_unexpected_list": [
          75,
          101,
          500,
          600,
          500,
          500,
          500,
          500,
          500
        ],
        "unexpected_count": 9,
        "unexpected_percent": 2.307692307692308,
        "unexpected_percent_nonmissing": 2.307692307692308,
        "unexpected_percent_total": 2.307692307692308
      },
      "success": false
    },
    {
      "exception_info": {
        "exception_message": null,
        "exception_traceback": null,
        "raised_exception": false
      },
      "expectation_config": {
        "expectation_type": "expect_column_unique_value_count_to_be_between",
        "kwargs": {
          "batch_id": "deada945c28415fb7b0cfd6f663b7dc3",
          "column": "Age",
          "max_value": 43,
          "min_value": 43,
          "strict_max": false,
          "strict_min": false
        },
        "meta": {
          "profiler_details": {
            "metric_configuration": {
              "domain_kwargs": {
                "column": "Age"
              },
              "metric_dependencies": null,
              "metric_name": "column.distinct_values.count",
              "metric_value_kwargs": null
            },
            "num_batches": 1
          }
        }
      },
      "meta": {},
      "result": {
        "observed_value": 44
      },
      "success": false
    },
    {
      "exception_info": {
        "exception_message": null,
        "exception_traceback": null,
        "raised_exception": false
      },
      "expectation_config": {
        "expectation_type": "expect_column_proportion_of_unique_values_to_be_between",
        "kwargs": {
          "batch_id": "deada945c28415fb7b0cfd6f663b7dc3",
          "column": "Age",
          "max_value": 0.07049180327868852,
          "min_value": 0.07049180327868852,
          "strict_max": false,
          "strict_min": false
        },
        "meta": {
          "profiler_details": {
            "metric_configuration": {
              "domain_kwargs": {
                "column": "Age"
              },
              "metric_dependencies": null,
              "metric_name": "column.unique_proportion",
              "metric_value_kwargs": null
            },
            "num_batches": 1
          }
        }
      },
      "meta": {},
      "result": {
        "observed_value": 0.11282051282051282
      },
      "success": false
    }
  ],
  "statistics": {
    "evaluated_expectations": 22,
    "success_percent": 27.27272727272727,
    "successful_expectations": 6,
    "unsuccessful_expectations": 16
  },
  "success": false
}