{
  "data_asset_type": null,
  "expectation_suite_name": "sab_snowflake_expectation",
  "expectations": [
    {
      "expectation_type": "expect_table_row_count_to_be_between",
      "kwargs": {
        "max_value": 700,
        "min_value": 2
      },
      "meta": {
        "profiler_details": {
          "metric_configuration": {
            "domain_kwargs": {},
            "metric_dependencies": null,
            "metric_name": "table.row_count",
            "metric_value_kwargs": null
          },
          "num_batches": 1
        }
      }
    },
    {
      "expectation_type": "expect_table_columns_to_match_set",
      "kwargs": {
        "column_set": [
          "age",
          "city",
          "firstname",
          "lastname",
          "personid"
        ]
      },
      "meta": {
        "profiler_details": {
          "success_ratio": 1.0
        }
      }
    },
    {
      "expectation_type": "expect_column_values_to_be_between",
      "kwargs": {
        "column": "age",
        "max_value": 10,
        "min_value": 0,
        "mostly": 1.0,
        "strict_max": true,
        "strict_min": true
      },
      "meta": {
        "profiler_details": {
          "column_max_values_range_estimator": {
            "metric_configuration": {
              "domain_kwargs": {
                "column": "age"
              },
              "metric_dependencies": null,
              "metric_name": "column.max",
              "metric_value_kwargs": null
            },
            "num_batches": 1
          },
          "column_min_values_range_estimator": {
            "metric_configuration": {
              "domain_kwargs": {
                "column": "age"
              },
              "metric_dependencies": null,
              "metric_name": "column.min",
              "metric_value_kwargs": null
            },
            "num_batches": 1
          }
        }
      }
    }
  ],
  "ge_cloud_id": null,
  "meta": {
    "great_expectations_version": "0.15.25"
  }
}