{
  "evaluation_parameters": {},
  "meta": {
    "active_batch_definition": {
      "batch_identifiers": {},
      "data_asset_name": "PERSON",
      "data_connector_name": "default_configured_data_connector_name",
      "datasource_name": "my_datasource"
    },
    "batch_markers": {
      "ge_load_time": "20221005T024236.146739Z"
    },
    "batch_spec": {
      "batch_identifiers": {},
      "class_name": "Asset",
      "data_asset_name": "PERSON",
      "module_name": "great_expectations.datasource.data_connector.asset",
      "schema_name": "PUBLIC",
      "sorters": {},
      "table_name": "PERSON",
      "type": null
    },
    "checkpoint_id": null,
    "checkpoint_name": "first_checkpoint",
    "expectation_suite_name": "sab_snowflake_expectation",
    "great_expectations_version": "0.15.25",
    "run_id": {
      "run_name": "20221005-081236-my-run-name-template",
      "run_time": "2022-10-05T08:12:36.143830+00:00"
    },
    "validation_id": null,
    "validation_time": "20221005T024238.616887Z"
  },
  "results": [
    {
      "exception_info": {
        "exception_message": "Error: The column \"Age\" in BatchData does not exist.",
        "exception_traceback": "Traceback (most recent call last):\n  File \"C:\\Python310\\lib\\site-packages\\great_expectations\\execution_engine\\execution_engine.py\", line 393, in resolve_metrics\n    resolved_metrics[metric_to_resolve.id] = metric_fn(\n  File \"C:\\Python310\\lib\\site-packages\\great_expectations\\expectations\\metrics\\metric_provider.py\", line 55, in inner_func\n    return metric_fn(*args, **kwargs)\n  File \"C:\\Python310\\lib\\site-packages\\great_expectations\\expectations\\metrics\\map_metric_provider.py\", line 387, in inner_func\n    raise ge_exceptions.InvalidMetricAccessorDomainKwargsKeyError(\ngreat_expectations.exceptions.exceptions.InvalidMetricAccessorDomainKwargsKeyError: Error: The column \"Age\" in BatchData does not exist.\n\nDuring handling of the above exception, another exception occurred:\n\nTraceback (most recent call last):\n  File \"C:\\Python310\\lib\\site-packages\\great_expectations\\validator\\validator.py\", line 1287, in resolve_validation_graph\n    self._resolve_metrics(\n  File \"C:\\Python310\\lib\\site-packages\\great_expectations\\validator\\validator.py\", line 2210, in _resolve_metrics\n    return execution_engine.resolve_metrics(\n  File \"C:\\Python310\\lib\\site-packages\\great_expectations\\execution_engine\\execution_engine.py\", line 397, in resolve_metrics\n    raise ge_exceptions.MetricResolutionError(\ngreat_expectations.exceptions.exceptions.MetricResolutionError: Error: The column \"Age\" in BatchData does not exist.\n",
        "raised_exception": true
      },
      "expectation_config": {
        "expectation_type": "expect_column_values_to_be_between",
        "kwargs": {
          "batch_id": "1f4acc7dcd7e977f4edada5b38bc6ee6",
          "column": "Age",
          "max_value": 25,
          "min_value": 20,
          "mostly": 1.0,
          "strict_max": true,
          "strict_min": true
        },
        "meta": {
          "profiler_details": {
            "column_max_values_range_estimator": {
              "metric_configuration": {
                "domain_kwargs": {
                  "column": "Age"
                },
                "metric_dependencies": null,
                "metric_name": "column.max",
                "metric_value_kwargs": null
              },
              "num_batches": 1
            },
            "column_min_values_range_estimator": {
              "metric_configuration": {
                "domain_kwargs": {
                  "column": "Age"
                },
                "metric_dependencies": null,
                "metric_name": "column.min",
                "metric_value_kwargs": null
              },
              "num_batches": 1
            }
          }
        }
      },
      "meta": {},
      "result": {},
      "success": false
    },
    {
      "exception_info": {
        "exception_message": null,
        "exception_traceback": null,
        "raised_exception": false
      },
      "expectation_config": {
        "expectation_type": "expect_table_row_count_to_be_between",
        "kwargs": {
          "batch_id": "1f4acc7dcd7e977f4edada5b38bc6ee6",
          "max_value": 700,
          "min_value": 500
        },
        "meta": {
          "profiler_details": {
            "metric_configuration": {
              "domain_kwargs": {},
              "metric_dependencies": null,
              "metric_name": "table.row_count",
              "metric_value_kwargs": null
            },
            "num_batches": 1
          }
        }
      },
      "meta": {},
      "result": {
        "observed_value": 4
      },
      "success": false
    },
    {
      "exception_info": {
        "exception_message": null,
        "exception_traceback": null,
        "raised_exception": false
      },
      "expectation_config": {
        "expectation_type": "expect_table_columns_to_match_set",
        "kwargs": {
          "batch_id": "1f4acc7dcd7e977f4edada5b38bc6ee6",
          "column_set": [
            "age",
            "city",
            "firstname",
            "lastname",
            "personid"
          ]
        },
        "meta": {
          "profiler_details": {
            "success_ratio": 1.0
          }
        }
      },
      "meta": {},
      "result": {
        "observed_value": [
          "personid",
          "lastname",
          "firstname",
          "age",
          "city"
        ]
      },
      "success": true
    },
    {
      "exception_info": {
        "exception_message": null,
        "exception_traceback": null,
        "raised_exception": false
      },
      "expectation_config": {
        "expectation_type": "expect_column_values_to_be_between",
        "kwargs": {
          "batch_id": "1f4acc7dcd7e977f4edada5b38bc6ee6",
          "column": "age",
          "max_value": 25,
          "min_value": 20,
          "mostly": 1.0,
          "strict_max": true,
          "strict_min": true
        },
        "meta": {
          "profiler_details": {
            "column_max_values_range_estimator": {
              "metric_configuration": {
                "domain_kwargs": {
                  "column": "age"
                },
                "metric_dependencies": null,
                "metric_name": "column.max",
                "metric_value_kwargs": null
              },
              "num_batches": 1
            },
            "column_min_values_range_estimator": {
              "metric_configuration": {
                "domain_kwargs": {
                  "column": "age"
                },
                "metric_dependencies": null,
                "metric_name": "column.min",
                "metric_value_kwargs": null
              },
              "num_batches": 1
            }
          }
        }
      },
      "meta": {},
      "result": {
        "element_count": 4,
        "missing_count": 0,
        "missing_percent": 0.0,
        "partial_unexpected_counts": [
          {
            "count": 2,
            "value": 25
          },
          {
            "count": 1,
            "value": 30
          },
          {
            "count": 1,
            "value": 35
          }
        ],
        "partial_unexpected_index_list": null,
        "partial_unexpected_list": [
          25,
          25,
          30,
          35
        ],
        "unexpected_count": 4,
        "unexpected_percent": 100.0,
        "unexpected_percent_nonmissing": 100.0,
        "unexpected_percent_total": 100.0
      },
      "success": false
    }
  ],
  "statistics": {
    "evaluated_expectations": 4,
    "success_percent": 25.0,
    "successful_expectations": 1,
    "unsuccessful_expectations": 3
  },
  "success": false
}