{
  "data_asset_type": null,
  "expectation_suite_name": "Range",
  "expectations": [
    {
      "expectation_type": "expect_table_row_count_to_be_between",
      "kwargs": {
        "max_value": 150001,
        "min_value": 150001
      },
      "meta": {
        "profiler_details": {
          "metric_configuration": {
            "domain_kwargs": {},
            "metric_name": "table.row_count",
            "metric_value_kwargs": null
          },
          "num_batches": 1
        }
      }
    },
    {
      "expectation_type": "expect_table_columns_to_match_set",
      "kwargs": {
        "column_set": [
          "c_acctbal",
          "c_comment",
          "c_address",
          "c_nationkey",
          "c_custkey",
          "c_mktsegment",
          "c_name",
          "c_phone"
        ],
        "exact_match": null
      },
      "meta": {
        "profiler_details": {
          "success_ratio": 1.0
        }
      }
    },
    {
      "expectation_type": "expect_column_values_to_be_unique",
      "kwargs": {
        "column": "c_custkey"
      },
      "meta": {
        "profiler_details": {
          "metric_configuration": {
            "domain_kwargs": {
              "column": "c_custkey"
            },
            "metric_name": "column_values.unique.unexpected_count",
            "metric_value_kwargs": null
          },
          "num_batches": 1
        }
      }
    },
    {
      "expectation_type": "expect_column_values_to_be_unique",
      "kwargs": {
        "column": "c_name"
      },
      "meta": {
        "profiler_details": {
          "metric_configuration": {
            "domain_kwargs": {
              "column": "c_name"
            },
            "metric_name": "column_values.unique.unexpected_count",
            "metric_value_kwargs": null
          },
          "num_batches": 1
        }
      }
    },
    {
      "expectation_type": "expect_column_values_to_be_unique",
      "kwargs": {
        "column": "c_address"
      },
      "meta": {
        "profiler_details": {
          "metric_configuration": {
            "domain_kwargs": {
              "column": "c_address"
            },
            "metric_name": "column_values.unique.unexpected_count",
            "metric_value_kwargs": null
          },
          "num_batches": 1
        }
      }
    },
    {
      "expectation_type": "expect_column_values_to_be_unique",
      "kwargs": {
        "column": "c_phone"
      },
      "meta": {
        "profiler_details": {
          "metric_configuration": {
            "domain_kwargs": {
              "column": "c_phone"
            },
            "metric_name": "column_values.unique.unexpected_count",
            "metric_value_kwargs": null
          },
          "num_batches": 1
        }
      }
    },
    {
      "expectation_type": "expect_column_values_to_not_be_null",
      "kwargs": {
        "column": "c_name"
      },
      "meta": {
        "profiler_details": {
          "metric_configuration": {
            "domain_kwargs": {
              "column": "c_name"
            },
            "metric_name": "column_values.nonnull.unexpected_count",
            "metric_value_kwargs": null
          },
          "num_batches": 1
        }
      }
    },
    {
      "expectation_type": "expect_column_values_to_not_be_null",
      "kwargs": {
        "column": "c_address"
      },
      "meta": {
        "profiler_details": {
          "metric_configuration": {
            "domain_kwargs": {
              "column": "c_address"
            },
            "metric_name": "column_values.nonnull.unexpected_count",
            "metric_value_kwargs": null
          },
          "num_batches": 1
        }
      }
    },
    {
      "expectation_type": "expect_column_values_to_not_be_null",
      "kwargs": {
        "column": "c_nationkey"
      },
      "meta": {
        "profiler_details": {
          "metric_configuration": {
            "domain_kwargs": {
              "column": "c_nationkey"
            },
            "metric_name": "column_values.nonnull.unexpected_count",
            "metric_value_kwargs": null
          },
          "num_batches": 1
        }
      }
    },
    {
      "expectation_type": "expect_column_values_to_not_be_null",
      "kwargs": {
        "column": "c_phone"
      },
      "meta": {
        "profiler_details": {
          "metric_configuration": {
            "domain_kwargs": {
              "column": "c_phone"
            },
            "metric_name": "column_values.nonnull.unexpected_count",
            "metric_value_kwargs": null
          },
          "num_batches": 1
        }
      }
    },
    {
      "expectation_type": "expect_column_min_to_be_between",
      "kwargs": {
        "column": "c_custkey",
        "max_value": 1,
        "min_value": 1,
        "strict_max": false,
        "strict_min": false
      },
      "meta": {
        "profiler_details": {
          "metric_configuration": {
            "domain_kwargs": {
              "column": "c_custkey"
            },
            "metric_name": "column.min",
            "metric_value_kwargs": null
          },
          "num_batches": 1
        }
      }
    },
    {
      "expectation_type": "expect_column_max_to_be_between",
      "kwargs": {
        "column": "c_custkey",
        "max_value": 150000,
        "min_value": 150000,
        "strict_max": false,
        "strict_min": false
      },
      "meta": {
        "profiler_details": {
          "metric_configuration": {
            "domain_kwargs": {
              "column": "c_custkey"
            },
            "metric_name": "column.max",
            "metric_value_kwargs": null
          },
          "num_batches": 1
        }
      }
    },
    {
      "expectation_type": "expect_column_values_to_be_between",
      "kwargs": {
        "column": "c_custkey",
        "max_value": 150000,
        "min_value": 1,
        "mostly": 1.0,
        "strict_max": false,
        "strict_min": false
      },
      "meta": {
        "profiler_details": {
          "column_max_values_range_estimator": {
            "metric_configuration": {
              "domain_kwargs": {
                "column": "c_custkey"
              },
              "metric_name": "column.max",
              "metric_value_kwargs": null
            },
            "num_batches": 1
          },
          "column_min_values_range_estimator": {
            "metric_configuration": {
              "domain_kwargs": {
                "column": "c_custkey"
              },
              "metric_name": "column.min",
              "metric_value_kwargs": null
            },
            "num_batches": 1
          }
        }
      }
    },
    {
      "expectation_type": "expect_column_quantile_values_to_be_between",
      "kwargs": {
        "allow_relative_error": false,
        "column": "c_custkey",
        "quantile_ranges": {
          "quantiles": [
            0.25,
            0.5,
            0.75
          ],
          "value_ranges": [
            [
              37500,
              37500
            ],
            [
              75000,
              75000
            ],
            [
              112500,
              112500
            ]
          ]
        }
      },
      "meta": {
        "profiler_details": {
          "metric_configuration": {
            "domain_kwargs": {
              "column": "c_custkey"
            },
            "metric_name": "column.quantile_values",
            "metric_value_kwargs": {
              "allow_relative_error": false,
              "quantiles": [
                0.25,
                0.5,
                0.75
              ]
            }
          },
          "num_batches": 1
        }
      }
    },
    {
      "expectation_type": "expect_column_median_to_be_between",
      "kwargs": {
        "column": "c_custkey",
        "max_value": 75000.5,
        "min_value": 75000.5,
        "strict_max": false,
        "strict_min": false
      },
      "meta": {
        "profiler_details": {
          "metric_configuration": {
            "domain_kwargs": {
              "column": "c_custkey"
            },
            "metric_name": "column.median",
            "metric_value_kwargs": null
          },
          "num_batches": 1
        }
      }
    },
    {
      "expectation_type": "expect_column_mean_to_be_between",
      "kwargs": {
        "column": "c_custkey",
        "max_value": 75000.5,
        "min_value": 75000.5,
        "strict_max": false,
        "strict_min": false
      },
      "meta": {
        "profiler_details": {
          "metric_configuration": {
            "domain_kwargs": {
              "column": "c_custkey"
            },
            "metric_name": "column.mean",
            "metric_value_kwargs": null
          },
          "num_batches": 1
        }
      }
    },
    {
      "expectation_type": "expect_column_stdev_to_be_between",
      "kwargs": {
        "column": "c_custkey",
        "max_value": 43301.414526549,
        "min_value": 43301.414526549,
        "strict_max": false,
        "strict_min": false
      },
      "meta": {
        "profiler_details": {
          "metric_configuration": {
            "domain_kwargs": {
              "column": "c_custkey"
            },
            "metric_name": "column.standard_deviation",
            "metric_value_kwargs": null
          },
          "num_batches": 1
        }
      }
    },
    {
      "expectation_type": "expect_column_min_to_be_between",
      "kwargs": {
        "column": "c_nationkey",
        "max_value": 0,
        "min_value": 0,
        "strict_max": false,
        "strict_min": false
      },
      "meta": {
        "profiler_details": {
          "metric_configuration": {
            "domain_kwargs": {
              "column": "c_nationkey"
            },
            "metric_name": "column.min",
            "metric_value_kwargs": null
          },
          "num_batches": 1
        }
      }
    },
    {
      "expectation_type": "expect_column_max_to_be_between",
      "kwargs": {
        "column": "c_nationkey",
        "max_value": 0,
        "min_value": 24,
        "strict_max": false,
        "strict_min": false
      },
      "meta": {
        "profiler_details": {
          "metric_configuration": {
            "domain_kwargs": {
              "column": "c_nationkey"
            },
            "metric_name": "column.max",
            "metric_value_kwargs": null
          },
          "num_batches": 1
        }
      }
    },
    {
      "expectation_type": "expect_column_values_to_be_between",
      "kwargs": {
        "column": "c_nationkey",
        "max_value": 24,
        "min_value": 0,
        "mostly": 1.0,
        "strict_max": false,
        "strict_min": false
      },
      "meta": {
        "profiler_details": {
          "column_max_values_range_estimator": {
            "metric_configuration": {
              "domain_kwargs": {
                "column": "c_nationkey"
              },
              "metric_name": "column.max",
              "metric_value_kwargs": null
            },
            "num_batches": 1
          },
          "column_min_values_range_estimator": {
            "metric_configuration": {
              "domain_kwargs": {
                "column": "c_nationkey"
              },
              "metric_name": "column.min",
              "metric_value_kwargs": null
            },
            "num_batches": 1
          }
        }
      }
    },
    {
      "expectation_type": "expect_column_quantile_values_to_be_between",
      "kwargs": {
        "allow_relative_error": false,
        "column": "c_nationkey",
        "quantile_ranges": {
          "quantiles": [
            0.25,
            0.5,
            0.75,
            1.0
          ],
          "value_ranges": [
            [
              0,
              5
            ],
            [
              6,
              10
            ],
            [
              11,
              14
            ],
            [
              15,
              18
            ]
          ]
        }
      },
      "meta": {
        "profiler_details": {
          "metric_configuration": {
            "domain_kwargs": {
              "column": "c_nationkey"
            },
            "metric_name": "column.quantile_values",
            "metric_value_kwargs": {
              "allow_relative_error": false,
              "quantiles": [
                0.25,
                0.5,
                0.75
              ]
            }
          },
          "num_batches": 1
        }
      }
    },
    {
      "expectation_type": "expect_column_median_to_be_between",
      "kwargs": {
        "column": "c_nationkey",
        "max_value": 12,
        "min_value": 12,
        "strict_max": false,
        "strict_min": false
      },
      "meta": {
        "profiler_details": {
          "metric_configuration": {
            "domain_kwargs": {
              "column": "c_nationkey"
            },
            "metric_name": "column.median",
            "metric_value_kwargs": null
          },
          "num_batches": 1
        }
      }
    },
    {
      "expectation_type": "expect_column_mean_to_be_between",
      "kwargs": {
        "column": "c_nationkey",
        "max_value": 12.00674,
        "min_value": 12.00674,
        "strict_max": false,
        "strict_min": false
      },
      "meta": {
        "profiler_details": {
          "metric_configuration": {
            "domain_kwargs": {
              "column": "c_nationkey"
            },
            "metric_name": "column.mean",
            "metric_value_kwargs": null
          },
          "num_batches": 1
        }
      }
    },
    {
      "expectation_type": "expect_column_stdev_to_be_between",
      "kwargs": {
        "column": "c_nationkey",
        "max_value": 7.208176954,
        "min_value": 7.208176954,
        "strict_max": false,
        "strict_min": false
      },
      "meta": {
        "profiler_details": {
          "metric_configuration": {
            "domain_kwargs": {
              "column": "c_nationkey"
            },
            "metric_name": "column.standard_deviation",
            "metric_value_kwargs": null
          },
          "num_batches": 1
        }
      }
    },
    {
      "expectation_type": "expect_column_values_to_be_in_set",
      "kwargs": {
        "column": "c_nationkey",
        "mostly": 1.0,
        "value_set": [
          0,
          1,
          2,
          3,
          4,
          5,
          6,
          7,
          8,
          9,
          10,
          11,
          12,
          13,
          14,
          15,
          16,
          17,
          18,
          19,
          20,
          21,
          22,
          23,
          24
        ]
      },
      "meta": {
        "profiler_details": {
          "metric_configuration": {
            "domain_kwargs": {
              "column": "c_nationkey"
            },
            "metric_name": "column.distinct_values",
            "metric_value_kwargs": null
          },
          "num_batches": 1,
          "parse_strings_as_datetimes": false
        }
      }
    },
    {
      "expectation_type": "expect_column_unique_value_count_to_be_between",
      "kwargs": {
        "column": "c_nationkey",
        "max_value": 25,
        "min_value": 25,
        "strict_max": false,
        "strict_min": false
      },
      "meta": {
        "profiler_details": {
          "metric_configuration": {
            "domain_kwargs": {
              "column": "c_nationkey"
            },
            "metric_name": "column.distinct_values.count",
            "metric_value_kwargs": null
          },
          "num_batches": 1
        }
      }
    },
    {
      "expectation_type": "expect_column_proportion_of_unique_values_to_be_between",
      "kwargs": {
        "column": "c_nationkey",
        "max_value": 0.0001666655555629629,
        "min_value": 0.0001666655555629629,
        "strict_max": false,
        "strict_min": false
      },
      "meta": {
        "profiler_details": {
          "metric_configuration": {
            "domain_kwargs": {
              "column": "c_nationkey"
            },
            "metric_name": "column.unique_proportion",
            "metric_value_kwargs": null
          },
          "num_batches": 1
        }
      }
    },
    {
      "expectation_type": "expect_column_values_to_be_in_set",
      "kwargs": {
        "column": "c_mktsegment",
        "mostly": 1.0,
        "value_set": [
          "FURNITURE",
          "MACHINERY",
          "BUILDING",
          "HOUSEHOLD",
          "AUTOMOBILE"
        ]
      },
      "meta": {
        "profiler_details": {
          "metric_configuration": {
            "domain_kwargs": {
              "column": "c_mktsegment"
            },
            "metric_name": "column.distinct_values",
            "metric_value_kwargs": null
          },
          "num_batches": 1,
          "parse_strings_as_datetimes": false
        }
      }
    },
    {
      "expectation_type": "expect_column_unique_value_count_to_be_between",
      "kwargs": {
        "column": "c_mktsegment",
        "max_value": 5,
        "min_value": 5,
        "strict_max": false,
        "strict_min": false
      },
      "meta": {
        "profiler_details": {
          "metric_configuration": {
            "domain_kwargs": {
              "column": "c_mktsegment"
            },
            "metric_name": "column.distinct_values.count",
            "metric_value_kwargs": null
          },
          "num_batches": 1
        }
      }
    },
    {
      "expectation_type": "expect_column_proportion_of_unique_values_to_be_between",
      "kwargs": {
        "column": "c_mktsegment",
        "max_value": 3.3333333333333335e-05,
        "min_value": 3.3333333333333335e-05,
        "strict_max": false,
        "strict_min": false
      },
      "meta": {
        "profiler_details": {
          "metric_configuration": {
            "domain_kwargs": {
              "column": "c_mktsegment"
            },
            "metric_name": "column.unique_proportion",
            "metric_value_kwargs": null
          },
          "num_batches": 1
        }
      }
    }
  ],
  "ge_cloud_id": null,
  "meta": {
    "citations": [
      {
        "citation_date": "2022-12-27T14:44:57.939454Z",
        "comment": "Created by effective Rule-Based Profiler of OnboardingDataAssistant with the configuration included.\n"
      }
    ],
    "great_expectations_version": "0.15.41"
  }
}