,Daily Time Spent on Site,Age,Area Income,Daily Internet Usage,Ad Topic Line,City,Gender,Country,Timestamp,Clicked on Ad
255,60.83,20,40478.83,185.46,Versatile next generation pricing structure,West Lacey,Male,Palestinian Territory,19-02-2016 20:49,0
422,55.55,20,41920.79,187.95,Proactive bandwidth-monitored policy,West Steven,Female,Guatemala,24-03-2016 02:35,0
286,69.62,20,50983.75,202.25,Business-focused encompassing neural-net,New Sharon,Male,Qatar,26-02-2016 22:46,0
304,54.39,20,52563.22,171.9,Digitized content-based circuit,Richardshire,Male,Guadeloupe,29-02-2016 18:06,1
63,71.27,21,50147.72,216.03,Quality-focused bi-directional throughput,South Blakestad,Male,Senegal,11-01-2016 12:46,0
102,70.09,21,54725.87,211.17,Automated full-range Internet solution,East Benjaminville,Female,Belarus,22-01-2016 12:58,0
175,75.84,21,48537.18,186.98,Reactive bi-directional workforce,Hayesmouth,Female,Cyprus,07-02-2016 07:41,0
186,68.18,21,48376.14,218.17,Switchable 3rdgeneration hub,Sanchezmouth,Male,Czech Republic,09-02-2016 22:04,0
397,65.77,21,42162.9,218.61,Function-based fault-tolerant model,Contrerasshire,Male,Eritrea,18-03-2016 17:35,0
489,59.61,21,60637.62,198.45,Future-proofed coherent budgetary management,Port James,Male,Cambodia,06-04-2016 05:55,0
119,76.02,22,46179.97,209.82,Business-focused value-added definition,West Guybury,Female,Bouvet Island (Bouvetoya),27-01-2016 12:38,0
179,72.55,22,58953.01,202.34,Balanced empowering success,New Cynthia,Female,Bosnia and Herzegovina,08-02-2016 07:33,0
189,72.04,22,60309.58,199.43,Realigned systematic function,Hernandezfort,Female,Rwanda,10-02-2016 06:52,0
253,75.55,22,41851.38,169.4,Upgradable even-keeled challenge,New Amanda,Female,Taiwan,19-02-2016 07:29,1
277,75.92,22,38427.66,182.65,Monitored context-sensitive initiative,Port Calvintown,Female,Russian Federation,26-02-2016 01:18,0
370,71,22,56067.38,211.87,Extended systemic policy,Andersonton,Female,Eritrea,14-03-2016 06:46,0
411,74.07,22,50950.24,165.43,Cross-group non-volatile secured line,Joneston,Male,Ghana,22-03-2016 04:13,0
467,64.1,22,60465.72,215.93,Seamless object-oriented structure,East Tiffanyport,Female,Cote d'Ivoire,01-04-2016 16:21,0
22,66.89,23,64433.99,208.24,Universal incremental array,Sandersland,Male,Honduras,04-01-2016 07:28,0
64,67.91,23,55002.05,146.8,Re-engineered non-volatile neural-net,Hubbardmouth,Male,Latvia,12-01-2016 03:28,1
73,55.6,23,30227.98,212.58,Multi-layered 4thgeneration knowledge user,Port Cassie,Female,Senegal,14-01-2016 14:00,1
165,71.89,23,61617.98,172.81,Function-based transitional complexity,Patriciahaven,Male,Kuwait,03-02-2016 23:47,0
228,73.71,23,56605.12,211.38,Inverse local hub,New Sheila,Male,El Salvador,15-02-2016 05:35,0
234,74.59,23,40135.06,158.35,Phased clear-thinking encoding,Lake Gerald,Male,United States Virgin Islands,15-02-2016 16:52,1
344,63.45,23,52182.23,140.64,Persistent demand-driven interface,New Travistown,Male,Spain,09-03-2016 03:41,1
374,71.33,23,31072.44,169.4,Optimized attitude-oriented initiative,Josephmouth,Female,Japan,15-03-2016 06:54,1
430,76.49,23,56457.01,181.11,Public-key asynchronous matrix,Sherrishire,Female,Brazil,25-03-2016 05:05,0
437,54.47,23,46780.09,141.52,Vision-oriented bifurcated contingency,Holderville,Female,Chad,26-03-2016 19:37,1
476,73.18,23,61526.25,196.71,Organized static focus group,Hollandberg,Male,British Virgin Islands,04-04-2016 07:07,0
478,78.24,23,54106.21,199.29,Sharable value-added solution,Deannaville,Female,Luxembourg,04-04-2016 11:39,0
592,76.06,23,58633.63,201.04,Diverse multi-tasking parallelism,New Tinamouth,Female,Brunei Darussalam,27-04-2016 04:28,0
14,65.07,24,57545.56,233.85,Multi-lateral multi-state encryption,Port Raymondfort,Female,Mali,03-01-2016 07:13,0
45,78.76,24,46422.76,219.98,Reactive interactive protocol,Joanntown,Male,Austria,08-01-2016 08:08,0
89,75.83,24,58019.64,162.44,Diverse stable circuit,Walshhaven,Female,Nauru,17-01-2016 15:10,0
98,77.14,24,60283.98,184.88,Horizontal heuristic synergy,Janiceview,Male,Iceland,21-01-2016 18:51,0
106,78.37,24,55015.08,207.27,Quality-focused zero-defect budgetary management,Pearsonfort,Female,Pakistan,23-01-2016 04:47,0
259,55.79,24,59550.05,149.67,Pre-emptive content-based focus group,Port Sarahhaven,Female,Puerto Rico,20-02-2016 20:47,1
276,75.24,24,52252.91,226.49,Vision-oriented next generation solution,South Christopher,Female,Vanuatu,25-02-2016 16:33,0
313,76.2,24,47258.59,228.81,Optimized coherent Internet solution,Lake Susan,Male,Japan,02-03-2016 06:35,0
404,67.47,24,60514.05,225.05,Multi-tiered heuristic strategy,Watsonfort,Male,Vanuatu,20-03-2016 07:12,0
433,60.53,24,66873.9,167.22,Organic interactive support,Combsstad,Female,Serbia,25-03-2016 15:17,1
455,74.54,24,57518.73,219.75,Switchable secondary ability,Alexisland,Female,Bahamas,30-03-2016 16:15,0
559,79.52,24,51739.63,214.23,Synergistic fresh-thinking array,North Tara,Female,Bosnia and Herzegovina,20-04-2016 21:49,0
605,81.75,24,52656.13,190.08,Open-architected web-enabled benchmark,Kevinchester,Male,Cape Verde,29-04-2016 18:53,0
1,68.01,25,68357.96,188.32,Ameliorated actuating workforce,Kaylashire,Male,Afghanistan,01-01-2016 03:35,0
31,65.56,25,69646.35,181.25,Stand-alone explicit orchestration,West Arielstad,Male,Somalia,05-01-2016 12:59,0
66,69.86,25,50506.44,241.36,Triple-buffered foreground encryption,Austinborough,Female,New Zealand,12-01-2016 21:17,0
81,75.74,25,61005.87,215.25,Ergonomic multi-state structure,New Sheila,Male,Tunisia,16-01-2016 11:35,0
88,78.51,25,59106.12,205.71,Focused web-enabled Graphical User Interface,Riggsstad,Male,Greece,17-01-2016 13:27,0
93,73.19,25,64267.88,203.74,Cloned incremental matrices,North Ronaldshire,Male,Pakistan,19-01-2016 12:18,0
104,56.16,25,66429.84,164.25,Seamless motivating approach,Millerbury,Male,Cote d'Ivoire,22-01-2016 19:43,1
134,73.15,25,64631.22,211.12,Face-to-face executive encryption,Lake Patrick,Male,Libyan Arab Jamahiriya,29-01-2016 07:14,0
188,58.18,25,69112.84,176.28,Polarized analyzing concept,Tinachester,Male,New Zealand,10-02-2016 06:37,0
198,80.47,25,57519.64,204.86,Reduced global support,Jamesberg,Female,Niger,11-02-2016 13:26,0
211,69.42,25,65791.17,213.38,Quality-focused hybrid frame,Carterport,Female,Lao People's Democratic Republic,13-02-2016 04:16,0
281,67.05,25,65421.39,220.92,Realigned scalable standardization,Richardsontown,Female,Finland,26-02-2016 09:54,0
324,83.42,25,49850.52,183.42,Advanced heuristic firmware,East Toddfort,Male,Austria,04-03-2016 14:10,0
338,81.32,25,52416.18,165.65,Pre-emptive next generation Internet solution,Daisymouth,Female,Moldova,08-03-2016 05:12,0
339,80.05,25,45959.86,219.94,Networked stable open architecture,Lindaside,Male,Christmas Island,08-03-2016 05:48,0
396,65.8,25,60843.32,231.49,Expanded radical software,Clineshire,Male,Gabon,18-03-2016 16:04,0
560,73.38,25,53058.91,236.19,Horizontal transitional challenge,South Corey,Male,French Southern Territories,21-04-2016 09:30,0
581,62.2,25,25408.21,161.16,Cross-platform multimedia algorithm,New Lindaberg,Female,Liechtenstein,24-04-2016 13:42,1
596,67.71,25,63430.33,225.76,Synergized intangible open system,Daviesborough,Male,Armenia,28-04-2016 02:55,0
27,76.44,26,58820.16,224.2,Distributed intangible database,Troyville,Male,Madagascar,05-01-2016 06:34,0
48,79.97,26,61747.98,185.45,Down-sized explicit budgetary management,Port Maria,Male,Nepal,08-01-2016 19:38,0
96,79.15,26,62312.23,203.23,Intuitive explicit conglomeration,Port Robin,Female,Greenland,20-01-2016 19:09,0
107,56.57,26,56435.6,131.98,Multi-channeled non-volatile website,West Ericaport,Female,Senegal,23-01-2016 13:14,1
112,73.94,26,55411.06,236.15,Front-line non-volatile implementation,Lukeport,Male,Isle of Man,24-01-2016 01:53,0
149,40.17,26,47391.95,171.31,Visionary asymmetric encryption,South Lauratown,Male,Japan,01-02-2016 14:37,1
164,56.56,26,68783.45,204.47,Compatible composite project,Port Jasmine,Male,Grenada,03-02-2016 22:11,0
218,61.72,26,67279.06,218.49,Grass-roots systematic hardware,Port Daniel,Female,Venezuela,14-02-2016 07:15,0
231,81.37,26,53049.44,156.48,Business-focused responsive website,Lake Jacqueline,Male,Kyrgyz Republic,15-02-2016 12:25,0
257,78.67,26,63319.99,195.56,Proactive 5thgeneration frame,Lake Michaelport,Female,Cambodia,20-02-2016 09:54,0
280,70.58,26,56694.12,136.94,Proactive next generation knowledge user,Lake David,Female,Algeria,26-02-2016 09:18,1
283,75.42,26,63373.7,164.25,Optional regional throughput,Millertown,Male,Western Sahara,26-02-2016 17:14,0
291,69.5,26,68348.99,203.84,Front-line systemic capability,Tranland,Female,Pakistan,27-02-2016 13:51,0
367,69.47,26,59785.94,236.5,Organic bottom-line service-desk,Davidton,Female,San Marino,13-03-2016 20:35,0
447,78.01,26,62729.4,200.71,Focused multi-state workforce,Donaldshire,Male,French Guiana,28-03-2016 02:29,0
450,70.29,26,62053.37,231.37,Vision-oriented multi-tasking success,Shirleyfort,Male,Puerto Rico,28-03-2016 19:48,0
499,49.58,26,56791.75,231.94,Self-enabling holistic process improvement,Johnsport,Female,Benin,07-04-2016 16:02,0
500,56.46,26,66187.58,151.63,Ameliorated leadingedge help-desk,South Lisa,Female,Albania,07-04-2016 18:52,1
507,61.09,26,55336.18,131.68,User-friendly well-modulated leverage,East Kevinbury,Male,Falkland Islands (Malvinas),09-04-2016 16:31,1
542,76.42,26,60315.19,223.16,Open-source optimizing parallelism,Brendaburgh,Male,Netherlands Antilles,17-04-2016 18:38,0
551,46.28,26,50055.33,228.78,Stand-alone eco-centric system engine,Jacksonstad,Male,Andorra,18-04-2016 21:07,1
23,84.53,27,40763.13,168.34,Stand-alone tangible moderator,Turnerchester,Female,Guatemala,04-01-2016 21:48,1
101,77.05,27,66624.6,191.14,Reduced bi-directional strategy,North Anna,Female,United Arab Emirates,21-01-2016 23:48,0
139,78.11,27,63296.87,209.25,Progressive analyzing attitude,East Shawnchester,Male,Moldova,30-01-2016 16:10,0
166,80.46,27,61625.87,207.96,Digitized zero administration paradigm,Port Chasemouth,Male,Costa Rica,04-02-2016 02:13,0
169,77.65,27,63274.88,212.79,Horizontal client-driven hierarchy,South Ronald,Female,Papua New Guinea,04-02-2016 13:30,0
191,73.94,27,68333.01,173.49,Function-based incremental standardization,North Alexandra,Female,Myanmar,10-02-2016 13:46,0
194,45.82,27,64410.8,171.24,Expanded full-range synergy,Adamside,Male,Eritrea,10-02-2016 20:43,1
203,64.2,27,66200.96,227.63,Phased zero tolerance extranet,Edwardsmouth,Male,Isle of Man,11-02-2016 23:45,0
227,77.29,27,66265.34,201.24,Grass-roots 4thgeneration forecast,Paulshire,Male,Tuvalu,15-02-2016 03:43,0
239,75.94,27,53042.51,236.96,Future-proofed stable function,Campbellstad,Male,Italy,16-02-2016 12:05,0
268,68.72,27,66861.67,225.97,Fundamental tangible moratorium,New Taylorburgh,Female,Austria,23-02-2016 17:37,0
318,41.35,27,39193.45,162.46,Streamlined homogeneous analyzer,Hintonport,Male,Colombia,03-03-2016 03:51,1
322,75.83,27,67516.07,200.59,Managed upward-trending instruction set,East Brianberg,Female,Estonia,04-03-2016 10:13,0
328,66.04,27,71881.84,199.76,Synergistic non-volatile analyzer,Cassandratown,Female,Mauritius,05-03-2016 23:02,0
359,79.22,27,63429.18,198.79,Intuitive modular system engine,North Debra,Male,Belgium,11-03-2016 12:39,0
420,56.39,27,38817.4,248.12,Configurable tertiary capability,North Tylerland,Male,Bahrain,23-03-2016 21:06,0
461,85.54,27,48761.14,175.43,Right-sized solution-oriented benchmark,Gilbertville,Male,Tokelau,31-03-2016 13:54,0
483,70.41,27,66618.21,223.03,Centralized systematic knowledgebase,Benjaminchester,Female,Dominica,04-04-2016 21:30,0
508,85.77,27,52261.73,191.78,Implemented disintermediate attitude,South Brian,Male,Morocco,09-04-2016 23:26,0
540,74.88,27,67240.25,175.17,Organized empowering policy,Sarahton,Male,Sudan,17-04-2016 06:58,0
586,77.25,27,55901.12,231.38,Pre-emptive neutral contingency,Port Elijah,Male,Saint Vincent and the Grenadines,25-04-2016 16:58,0
590,78.17,27,65227.79,192.27,Automated mobile model,Portermouth,Male,Burundi,26-04-2016 20:57,0
607,85.61,27,47708.42,183.43,Customer-focused empowering ability,Lake Amy,Female,Burundi,30-04-2016 08:07,0
3,78.77,28,63497.62,211.83,Public-key intangible Graphical User Interface,Gomezport,Female,Guam,01-01-2016 08:27,0
6,75.32,28,59998.5,233.6,Reduced mobile structure,Lake Angela,Male,Mauritius,01-01-2016 21:58,0
36,81.03,28,63727.5,201.15,Persevering tertiary capability,Masonhaven,Female,Venezuela,06-01-2016 13:20,0
40,41.73,28,61142.33,202.18,Sharable dedicated Graphic Interface,Port Erikhaven,Male,Cuba,07-01-2016 19:16,1
44,80.51,28,64008.55,200.28,Robust dedicated system engine,Christopherville,Male,Bangladesh,08-01-2016 02:34,0
95,74.18,28,69874.18,203.87,Front-line even-keeled website,Lake Lisa,Female,Cayman Islands,20-01-2016 02:31,0
103,44.15,28,48867.67,141.96,Proactive secondary monitoring,Salazarbury,Male,Martinique,22-01-2016 15:03,1
115,73.1,28,57014.84,242.37,Universal asymmetric archive,Jeffreyshire,Female,Israel,25-01-2016 07:52,0
140,74.49,28,58996.12,237.34,Persevering eco-centric flexibility,Lake Adrian,Female,Peru,30-01-2016 16:15,0
170,43.41,28,59144.02,160.73,Customer-focused zero-defect process improvement,Lovemouth,Female,Egypt,05-02-2016 15:26,1
180,48.53,28,38067.08,134.14,Ameliorated client-driven forecast,West Jeremyside,Male,Tuvalu,08-02-2016 10:46,1
181,39.76,28,35350.55,196.83,Integrated maximized service-desk,Pottermouth,Male,Liberia,08-02-2016 14:02,1
190,86.76,28,48679.54,189.91,Object-based leadingedge complexity,Lawrenceborough,Female,Syrian Arab Republic,10-02-2016 08:21,0
235,81.29,28,33239.2,219.72,Synergized well-modulated Graphical User Interface,Lake Michael,Female,Mongolia,15-02-2016 20:41,0
267,39.86,28,51171.23,161.24,Ergonomic zero tolerance encoding,East Sharon,Female,Ghana,23-02-2016 13:55,1
284,77.65,28,66198.66,208.01,Configurable impactful capacity,Pamelamouth,Female,Ukraine,26-02-2016 19:35,0
293,80.87,28,63528.8,203.3,Ameliorated local workforce,Collinsburgh,Female,Uruguay,27-02-2016 20:20,0
309,86.41,28,45593.93,207.48,Digitized static capability,Lake Melindamouth,Male,Aruba,01-03-2016 22:13,0
321,81.67,28,62927.96,196.76,Visionary analyzing structure,North Christopher,Male,Mauritania,04-03-2016 08:48,0
325,76.83,28,67990.84,192.81,Quality-focused 5thgeneration orchestration,Wintersfort,Female,Ecuador,04-03-2016 14:33,0
387,74.65,28,67669.06,212.56,Robust transitional ability,East Timothy,Female,French Southern Territories,17-03-2016 05:00,0
469,50.52,28,66929.03,219.69,Versatile responsive knowledge user,Davisfurt,Female,Saint Kitts and Nevis,03-04-2016 06:17,1
475,43.7,28,63126.96,173.01,Front-line bifurcated ability,Nicholasland,Female,Mayotte,04-04-2016 03:57,1
479,46.14,28,39723.97,137.97,Seamless bandwidth-monitored knowledge user,Markhaven,Male,Ethiopia,04-04-2016 13:56,1
492,76.44,28,59967.19,232.68,Synchronized human-resource moderator,Port Julie,Male,Northern Mariana Islands,06-04-2016 17:26,0
504,79.8,28,57179.91,229.88,Customizable zero-defect Internet solution,West Michaelport,Male,Bahamas,08-04-2016 22:40,0
531,70.61,28,72154.68,190.12,Assimilated encompassing portal,Meaganfort,Female,Italy,16-04-2016 05:24,0
569,76.9,28,66107.84,212.67,Synchronized multimedia model,Murphymouth,Female,Croatia,22-04-2016 08:31,0
583,46.43,28,53922.43,137.2,Reverse-engineered background Graphic Interface,Brianland,Male,Ethiopia,25-04-2016 03:18,1
595,69.95,28,56725.47,247.01,Horizontal even-keeled challenge,New Julie,Female,Malta,28-04-2016 01:24,0
4,36.56,29,42838.29,195.89,Team-oriented bi-directional secured line,West Ryan,Female,Uganda,01-01-2016 15:14,1
21,73.88,29,63109.74,233.61,Digitized zero-defect implementation,Kennethview,Female,Saint Helena,04-01-2016 06:37,0
24,83.91,29,53223.58,222.87,Distributed bifurcated challenge,Haleberg,Female,Burundi,04-01-2016 22:27,0
37,84.31,29,47139.21,225.87,Object-based optimal solution,West Dannyberg,Female,Djibouti,06-01-2016 21:43,0
56,74.15,29,54806.18,245.89,Triple-buffered reciprocal time-frame,West Terrifurt,Male,Italy,10-01-2016 02:31,0
60,72.45,29,72325.91,195.36,Centralized 24hour synergy,Robertmouth,Male,Svalbard & Jan Mayen Islands,11-01-2016 06:02,0
70,75.7,29,67633.44,215.44,Profound zero administration instruction set,Port Jeffrey,Female,United States Minor Outlying Islands,14-01-2016 00:23,0
75,39.36,29,52462.04,161.79,Mandatory disintermediate info-mediaries,Jeremybury,Male,Bahamas,14-01-2016 20:58,1
82,78.68,29,66225.72,208.05,Inverse high-level capability,Leonchester,Female,Israel,16-01-2016 16:40,0
195,58.22,29,37345.24,120.9,User-friendly client-server instruction set,North Russellborough,Female,South Africa,11-02-2016 02:40,1
214,69.35,29,53431.35,252.77,Seamless 4thgeneration contingency,Ianmouth,Male,Argentina,13-02-2016 15:37,0
216,42.32,29,63891.29,187.09,Digitized radical architecture,New Joshuaport,Male,South Georgia and the South Sandwich Islands,14-02-2016 04:14,1
225,77.63,29,56113.37,239.22,Upgradable asynchronous circuit,Port Gregory,Female,Azerbaijan,14-02-2016 17:05,0
233,68.25,29,70324.8,220.08,Phased fault-tolerant definition,Wagnerchester,Female,Greenland,15-02-2016 16:18,0
236,75,29,63965.16,230.36,Secured upward-trending benchmark,Perezland,Male,Eritrea,16-02-2016 02:29,0
263,86.81,29,50820.74,199.62,Multi-channeled scalable moratorium,Joshuaburgh,Male,Turkmenistan,21-02-2016 16:57,0
289,56.64,29,55984.89,123.24,Versatile 6thgeneration parallelism,Lake John,Male,Zimbabwe,27-02-2016 08:52,1
302,81.46,29,51636.12,231.54,Intuitive fresh-thinking moderator,Sellerstown,Female,Ireland,29-02-2016 11:00,0
310,63.26,29,54787.37,120.46,Customizable holistic archive,East Donna,Male,Ethiopia,02-03-2016 04:02,1
327,43.16,29,50666.5,143.04,Robust holistic application,Wendyville,Male,Saint Vincent and the Grenadines,05-03-2016 20:53,1
347,72.08,29,71228.44,169.5,Stand-alone national attitude,Smithburgh,Female,Burundi,09-03-2016 14:45,0
354,62.42,29,73910.9,198.5,Upgradable optimizing toolset,Jasminefort,Male,Canada,10-03-2016 23:36,0
379,72.92,29,69428.73,217.1,Customizable mission-critical adapter,Port Melissastad,Male,Czech Republic,15-03-2016 17:33,0
380,75.64,29,69718.19,204.82,Pre-emptive well-modulated moderator,West Rhondamouth,Male,Iran,15-03-2016 19:35,0
407,80.53,29,66345.1,187.64,Sharable upward-trending support,West Benjamin,Female,Singapore,21-03-2016 08:13,0
438,87.23,29,51015.11,202.12,Re-engineered responsive definition,Lake Kevin,Female,American Samoa,26-03-2016 19:54,0
453,40.34,29,32549.95,173.75,Object-based motivating instruction set,Clarkborough,Female,Tokelau,30-03-2016 05:29,1
524,85.62,29,57032.36,195.68,Triple-buffered systematic info-mediaries,South Dianeshire,Female,Iran,14-04-2016 21:37,0
527,63.43,29,66504.16,236.75,Ergonomic 24/7 solution,New Shane,Male,Peru,15-04-2016 10:18,0
573,45.53,29,56129.89,141.58,Front-line neutral alliance,North Destiny,Female,United Arab Emirates,22-04-2016 22:01,1
578,57.35,29,41356.31,119.84,Distributed 3rdgeneration definition,West Connor,Female,Kazakhstan,23-04-2016 14:34,1
580,71.9,29,72203.96,193.29,De-engineered intangible flexibility,Williamsside,Male,Costa Rica,24-04-2016 07:20,0
593,84.98,29,57691.95,202.61,Innovative user-facing extranet,Mackenziemouth,Female,Russian Federation,27-04-2016 09:27,0
599,67.35,29,47510.42,118.69,Sharable secondary Graphical User Interface,East Heidi,Female,Zimbabwe,28-04-2016 21:58,1
13,50.08,30,41629.86,123.91,Sharable grid-enabled matrix,West Ericfurt,Female,Fiji,03-01-2016 05:34,1
28,77.22,30,64802.33,224.44,Object-based reciprocal knowledgebase,Port Jacqueline,Male,Cameroon,05-01-2016 07:52,0
68,84.08,30,62336.39,187.36,Face-to-face intermediate approach,Carterburgh,Male,Fiji,13-01-2016 02:58,0
78,42.51,30,54755.71,144.77,Grass-roots transitional flexibility,Lake Rhondaburgh,Male,Palestinian Territory,15-01-2016 19:45,1
144,78.19,30,62475.99,228.81,Triple-buffered needs-based Local Area Network,Mollyport,Female,Libyan Arab Jamahiriya,31-01-2016 06:14,0
182,59.01,30,75265.96,178.75,Focused multimedia implementation,West Annefort,Male,Philippines,08-02-2016 22:45,1
193,78.7,30,53441.69,133.99,Compatible intangible customer loyalty,Williamstad,Female,Turkey,10-02-2016 19:20,1
202,72.97,30,71384.57,208.58,Fundamental modular algorithm,Duffystad,Male,Lebanon,11-02-2016 21:49,1
247,64.79,30,42251.59,116.07,Visionary mission-critical application,North Virginia,Female,Maldives,17-02-2016 20:22,1
252,86.78,30,54952.42,170.13,Fundamental zero tolerance solution,New Steve,Male,United States of America,18-02-2016 23:08,0
261,84.73,30,39840.55,153.76,Synchronized leadingedge help-desk,Aliciatown,Female,Canada,21-02-2016 07:42,1
312,59.88,30,75535.14,193.63,Reverse-engineered content-based intranet,West Michaelstad,Male,French Polynesia,02-03-2016 05:11,0
316,67.8,30,39809.69,117.75,Team-oriented 6thgeneration extranet,New Jay,Male,Isle of Man,03-03-2016 02:59,1
329,87.27,30,51824.01,204.27,Fully-configurable 5thgeneration circuit,West Melissashire,Male,Christmas Island,06-03-2016 06:51,1
340,76.56,30,68030.18,213.75,Business-focused high-level hardware,Greentown,Female,Brunei Darussalam,08-03-2016 10:39,0
350,80.38,30,55130.96,238.06,Business-focused holistic benchmark,Port Anthony,Female,Albania,10-03-2016 07:07,0
405,73.57,30,70377.23,212.38,Pre-emptive transitional protocol,North Stephanieberg,Female,Uruguay,20-03-2016 08:22,0
409,37.51,30,52097.32,163,Re-contextualized optimal service-desk,Debraburgh,Male,Holy See (Vatican City State),21-03-2016 18:46,1
468,47.53,30,33258.09,135.18,Customer-focused upward-trending contingency,Hughesport,Female,Guinea,03-04-2016 05:10,1
516,84.37,30,61389.5,201.58,Synchronized systemic hierarchy,Johnstad,Female,Luxembourg,12-04-2016 03:26,0
534,64.24,30,59784.18,252.36,Front-line intermediate database,Zacharystad,Female,Tunisia,16-04-2016 11:53,0
548,74.53,30,68862,221.51,Configurable coherent function,West Colin,Male,Grenada,18-04-2016 09:33,0
57,79.18,31,58443.99,236.96,Open-source holistic productivity,Lake Danielle,Female,Algeria,10-01-2016 20:18,0
80,73.41,31,73049.3,201.26,Profound executive flexibility,Hollyfurt,Male,Guam,16-01-2016 08:01,0
83,78.64,31,60283.47,235.28,Integrated client-server definition,South Renee,Male,Nicaragua,16-01-2016 17:56,0
86,82.72,31,65704.79,179.82,Cross-group global orchestration,North Monicaville,Female,Belarus,17-01-2016 05:07,0
108,50.52,31,72270.88,171.62,Function-based stable alliance,Lake Allenville,Female,New Caledonia,23-01-2016 15:02,1
128,39.5,31,49911.25,148.19,Operative multi-tasking Graphic Interface,West Brad,Male,Micronesia,28-01-2016 16:42,1
143,87.18,31,58287.86,193.6,Right-sized logistical middleware,West Andrew,Female,Madagascar,31-01-2016 05:12,0
148,46.13,31,60248.97,139.01,Customer-focused optimizing moderator,Davidmouth,Female,Bouvet Island (Bouvetoya),01-02-2016 09:00,1
172,83.86,31,64122.36,190.25,Up-sized executive moderator,Lake Josetown,Female,Gibraltar,05-02-2016 19:06,0
178,81.38,31,64929.61,212.3,Balanced dynamic application,Bowenview,Female,Saint Helena,08-02-2016 00:23,0
295,43.67,31,25686.34,166.29,Automated directional function,New Theresa,Male,Antarctica (the territory South of 60 deg S),28-02-2016 06:41,1
303,72.01,31,57756.89,251,Horizontal multi-state interface,West Michaelhaven,Female,Angola,29-02-2016 12:31,0
317,66.47,31,58037.66,256.39,Vision-oriented human-resource synergy,Lindsaymouth,Male,France,03-03-2016 03:13,0
323,83.48,31,59340.99,222.72,Intuitive zero administration adapter,Williamport,Male,Philippines,04-03-2016 13:47,0
378,70.79,31,74535.94,184.1,Distributed tertiary system engine,Sharpberg,Female,Bouvet Island (Bouvetoya),15-03-2016 15:49,0
388,36.98,31,39552.49,167.87,Fully-configurable clear-thinking throughput,Micheletown,Male,Northern Mariana Islands,17-03-2016 06:25,1
401,80.23,31,68094.85,196.23,Secured clear-thinking middleware,South Daniellefort,Female,Qatar,19-03-2016 14:23,0
406,77.05,31,62161.26,236.64,Upgradable local migration,Hallfort,Female,Jamaica,20-03-2016 22:27,0
441,70.04,31,74780.74,183.85,Intuitive radical forecast,Hannahside,Male,Jordan,27-03-2016 03:59,0
443,44.57,31,38349.78,133.17,Adaptive context-sensitive application,Joneston,Male,China,27-03-2016 09:11,1
454,70.29,31,56974.51,254.65,Balanced responsive open system,New Frankshire,Male,Norfolk Island,30-03-2016 14:36,0
474,80.23,31,68441.85,193.77,Monitored national standardization,West Jodi,Male,Nauru,04-04-2016 01:39,0
482,79.61,31,58342.63,235.97,Customizable value-added project,Luisfurt,Female,Monaco,04-04-2016 21:23,0
496,80.6,31,67479.62,177.55,Sharable bottom-line solution,Thomasview,Female,Croatia,07-04-2016 03:56,0
532,82.3,31,56735.83,232.21,Balanced executive definition,Davieshaven,Female,Gabon,16-04-2016 08:36,0
538,72.07,31,69710.51,226.45,Grass-roots eco-centric instruction set,Port Jessicamouth,Female,Chile,16-04-2016 16:38,0
547,76.65,31,61117.5,238.43,Function-based executive moderator,West Dennis,Female,Pakistan,18-04-2016 07:00,0
552,80.72,31,68614.98,186.37,Re-engineered neutral success,Juliaport,Female,Costa Rica,19-04-2016 05:15,0
579,52.56,31,33147.19,250.36,Integrated interactive support,New Karenberg,Male,Israel,24-04-2016 01:48,1
588,67.56,31,62318.38,125.45,Seamless composite budgetary management,Michelleside,Female,Kenya,25-04-2016 21:15,1
598,86.06,31,53767.12,219.72,Extended local methodology,Timothytown,Male,Timor-Leste,28-04-2016 18:34,0
602,72.94,31,74159.69,190.84,Multi-tiered real-time implementation,Rogerland,Female,Venezuela,29-04-2016 13:38,0
17,88.72,32,43870.51,211.87,Customer-focused system-worthy superstructure,East John,Male,Zambia,03-01-2016 17:10,0
131,49.13,32,41097.17,120.49,Optimized intermediate help-desk,Morganport,Female,Fiji,29-01-2016 00:45,1
135,73.27,32,67113.46,234.75,Streamlined analyzing initiative,Haleview,Male,Martinique,29-01-2016 20:16,0
142,80.91,32,61608.23,231.42,Enterprise-wide bi-directional secured line,Derrickhaven,Female,Cuba,31-01-2016 04:10,0
156,36.62,32,51119.93,162.44,Customer-focused solution-oriented software,New Sabrina,Male,Poland,02-02-2016 19:59,1
196,69,32,72683.35,221.21,Virtual composite model,Port Susan,Male,Trinidad and Tobago,11-02-2016 04:37,0
208,58.05,32,15879.1,195.54,Total asynchronous architecture,Sanderstown,Male,Tajikistan,12-02-2016 10:39,1
249,71.03,32,57846.68,120.85,Advanced systemic productivity,Keithtown,Female,Netherlands Antilles,17-02-2016 23:47,1
262,78.79,32,68324.48,215.29,Stand-alone background open system,Mauriceshire,Male,Uruguay,21-02-2016 13:11,0
270,39.3,32,48335.2,145.73,Decentralized bottom-line help-desk,Jonathanland,Female,Lithuania,24-02-2016 04:11,1
272,85.26,32,55424.24,224.07,Reverse-engineered dynamic function,Lisafort,Male,Netherlands Antilles,24-02-2016 06:18,0
274,82.79,32,54429.17,234.81,Distributed fault-tolerant service-desk,Lake Zacharyfurt,Male,Brunei Darussalam,24-02-2016 10:36,0
287,86.58,32,60151.77,195.93,Business-focused asynchronous budgetary management,Henryfort,Male,Mexico,26-02-2016 23:44,0
320,76.84,32,65883.39,231.59,Reduced incremental productivity,Faithview,Female,Singapore,03-03-2016 22:31,0
348,74.02,32,72272.9,210.54,Operative system-worthy protocol,Johnstad,Female,Micronesia,09-03-2016 14:57,0
392,73.72,32,52140.04,256.4,Universal contextually-based system engine,Richardsland,Male,Thailand,18-03-2016 02:39,0
410,89.34,32,50216.01,177.78,Object-based executive productivity,Wendyton,Male,Paraguay,21-03-2016 21:15,0
415,46.77,32,31092.93,136.4,Multi-tiered maximized archive,Reneechester,Male,Serbia,23-03-2016 06:00,1
457,79.16,32,69562.46,202.9,Compatible intermediate concept,East Timothy,Male,Sri Lanka,30-03-2016 20:23,0
462,86.06,32,61601.05,178.92,Focused upward-trending core,North Leonmouth,Male,Bulgaria,31-03-2016 20:55,0
506,78.84,32,62430.55,235.29,Optimized 5thgeneration moratorium,Gonzalezburgh,Male,Taiwan,09-04-2016 09:26,0
512,84.25,32,63936.5,170.9,Pre-emptive client-driven secured line,New Sean,Male,Angola,10-04-2016 06:32,0
546,84.88,32,63924.82,186.48,Ameliorated tangible hierarchy,Harrishaven,Female,Lebanon,18-04-2016 03:41,0
556,78.76,32,70012.83,208.02,Managed attitude-oriented Internet solution,East Valerie,Male,Uruguay,20-04-2016 10:04,0
570,72.19,32,61067.58,250.32,Balanced discrete approach,Randolphport,Male,Switzerland,22-04-2016 19:45,0
7,79.36,33,62330.75,234.72,Cross-platform directional intranet,East Susanland,Male,Gambia,02-01-2016 04:50,0
71,59.96,33,77143.61,197.66,Expanded modular application,Staceyfort,Female,Samoa,14-01-2016 08:27,1
76,81.37,33,66412.04,215.04,Enhanced regional conglomeration,New Jessicaport,Female,Vietnam,15-01-2016 01:20,0
94,66.17,33,69869.66,238.45,Cross-group neutral synergy,West Lucas,Female,Panama,20-01-2016 00:26,0
130,88.91,33,53852.85,208.36,Enhanced dedicated support,Brandonstad,Female,Myanmar,28-01-2016 20:59,0
197,87.16,33,60805.93,197.15,Reduced holistic help-desk,Blairville,Female,China,11-02-2016 11:50,0
209,77.2,33,49325.48,254.05,Persistent homogeneous framework,North Elizabeth,Male,Philippines,12-02-2016 20:36,0
210,65.4,33,66699.12,247.31,Adaptive 24hour Graphic Interface,Sylviaview,Female,Palau,12-02-2016 22:51,0
230,76.28,33,52686.47,254.34,Right-sized asynchronous website,Port Aliciabury,Female,Guadeloupe,15-02-2016 07:55,0
232,81.99,33,61270.14,230.9,Inverse bi-directional knowledge user,Taylorport,Female,French Polynesia,15-02-2016 14:13,0
246,68.6,33,68448.94,135.08,Focused high-level frame,Tammyshire,Female,Taiwan,17-02-2016 18:50,1
292,45.99,33,51163.14,124.61,Face-to-face methodical intranet,South Mark,Male,Afghanistan,27-02-2016 15:04,1
298,79.53,33,61467.33,236.72,Profound well-modulated array,East Aaron,Female,Indonesia,28-02-2016 22:02,0
314,84.54,33,64902.47,204.02,Synchronized stable complexity,North Tracyport,Male,Moldova,02-03-2016 10:07,0
335,78.15,33,72042.85,194.37,Ergonomic neutral portal,New Maria,Female,Algeria,07-03-2016 22:32,0
426,42.95,33,30976,143.56,Grass-roots coherent extranet,West William,Female,Barbados,24-03-2016 09:31,1
429,70.05,33,75560.65,203.44,Diverse directional hardware,North Raymond,Female,Croatia,24-03-2016 17:48,0
456,84.79,33,61771.9,214.53,Managed eco-centric encoding,New Juan,Female,Cameroon,30-03-2016 19:09,0
533,78.58,33,51772.58,250.11,Centralized user-facing service-desk,Chapmanland,Male,Vanuatu,16-04-2016 10:36,0
537,81.25,33,65186.58,222.35,Enhanced system-worthy toolset,Frankchester,Male,Saint Martin,16-04-2016 14:15,0
541,81.61,33,62667.51,228.76,Enterprise-wide local matrices,Gravesport,Female,Morocco,17-04-2016 15:46,0
565,66.67,33,72707.87,228.03,Horizontal content-based synergy,Turnerview,Male,Taiwan,21-04-2016 20:29,0
582,51.58,33,49822.78,115.91,Vision-oriented system-worthy forecast,Johnsontown,Female,Brunei Darussalam,24-04-2016 13:46,1
0,80.67,34,58909.36,239.76,Seamless impactful info-mediaries,Jamesville,Female,Portugal,01-01-2016 02:52,0
121,72.82,34,75769.82,191.82,User-centric discrete success,Jonesmouth,Male,Czech Republic,27-01-2016 16:06,0
147,82.79,34,47997.75,132.08,Team-oriented zero-defect initiative,South Aaron,Female,American Samoa,01-02-2016 00:52,1
161,89.66,34,52802.58,171.23,Advanced didactic conglomeration,Nicholasport,Male,Armenia,03-02-2016 15:15,0
237,34.04,34,40182.84,174.88,Reverse-engineered context-sensitive emulation,Elizabethport,Male,El Salvador,16-02-2016 07:37,1
282,84.95,34,56379.3,230.36,Mandatory dedicated data-warehouse,Lake Brian,Female,Madagascar,26-02-2016 17:01,0
346,77.35,34,72330.57,167.26,Total bi-directional success,East Troyhaven,Female,Yemen,09-03-2016 12:10,0
355,65.07,34,73941.91,227.53,Monitored explicit hierarchy,Princebury,Male,Anguilla,11-03-2016 00:05,0
358,75.71,34,62109.8,246.06,Phased hybrid intranet,Barbershire,Female,Portugal,11-03-2016 10:01,0
369,53.33,34,44275.13,111.63,Configurable impactful productivity,Courtneyfort,Male,Andorra,14-03-2016 04:34,1
372,57.7,34,42696.67,109.07,Phased dynamic customer loyalty,New Tina,Female,Australia,14-03-2016 23:13,1
375,51.5,34,67050.16,135.31,Configurable dynamic adapter,East Vincentstad,Female,Zambia,15-03-2016 11:25,1
390,63.11,34,63107.88,254.94,Balanced mobile Local Area Network,Port Karenfurt,Male,Micronesia,17-03-2016 22:59,0
399,87.85,34,51816.27,153.01,Digitized interactive initiative,Meyerchester,Female,Turkmenistan,19-03-2016 08:00,0
523,70.2,34,32708.94,119.2,Open-architected impactful productivity,Palmerside,Female,British Virgin Islands,14-04-2016 05:08,1
529,72.44,34,70547.16,230.14,Customizable tangible hierarchy,Bruceburgh,Female,Christmas Island,15-04-2016 14:45,0
536,89.37,34,42760.22,162.03,Compatible dedicated productivity,Port Stacey,Male,Australia,16-04-2016 12:26,0
571,78.53,34,32536.98,131.72,Synergized multimedia emulation,North Regina,Female,Norfolk Island,22-04-2016 20:10,1
576,76.56,34,70179.11,221.53,Universal bi-directional extranet,Jeremyshire,Male,Dominica,23-04-2016 08:15,0
577,42.83,34,54324.73,132.38,Vision-oriented methodical support,Cunninghamhaven,Male,Latvia,23-04-2016 09:42,1
600,79.36,34,57260.41,245.78,Profound maximized workforce,Hessstad,Male,Bosnia and Herzegovina,28-04-2016 22:54,0
18,72.8,35,63551.67,249.54,Public-key solution-oriented focus group,Austinland,Female,Puerto Rico,03-01-2016 23:21,0
19,48.86,35,62463.7,128.37,Universal empowering adapter,Elizabethbury,Male,Saint Martin,04-01-2016 00:44,1
26,49.81,35,57009.76,120.06,Seamless real-time array,Ramirezhaven,Male,Faroe Islands,05-01-2016 04:18,1
53,87.3,35,58337.18,216.87,Triple-buffered regional toolset,North Loriburgh,Female,Estonia,09-01-2016 07:28,0
54,82.7,35,61383.79,231.07,Visionary multi-tasking alliance,Amyfurt,Female,Somalia,09-01-2016 15:49,0
116,87.35,35,58114.3,158.29,Cloned dedicated analyzer,Carsonshire,Male,Gibraltar,26-01-2016 02:47,0
124,44.73,35,55316.97,127.56,Object-based neutral policy,North Lauraland,Male,Guam,27-01-2016 18:25,1
154,59.21,35,73347.67,144.62,Managed disintermediate matrices,Lake Beckyburgh,Male,Liechtenstein,02-02-2016 08:55,1
300,39.96,35,53898.89,138.52,Phased leadingedge budgetary management,Kingchester,Male,Pitcairn Islands,28-02-2016 23:21,1
341,60.23,35,43313.73,106.86,Balanced asynchronous hierarchy,New Brendafurt,Female,Kenya,08-03-2016 18:00,1
360,35.11,35,47638.3,158.03,Extended analyzing emulation,North Jonathan,Male,Anguilla,11-03-2016 13:07,1
395,84.59,35,60015.57,226.54,Streamlined non-volatile analyzer,Lake Nicole,Male,Cameroon,18-03-2016 13:22,0
419,66.88,35,62790.96,119.47,Polarized bifurcated array,Russellville,Male,Indonesia,23-03-2016 19:58,1
423,87.97,35,48918.55,149.25,Secured secondary superstructure,Port Brianfort,Male,France,24-03-2016 05:38,0
432,66.18,35,69476.42,243.61,Proactive asymmetric definition,New Johnberg,Female,Pitcairn Islands,25-03-2016 08:40,0
435,84.53,35,54773.99,236.29,User-centric composite contingency,Brownview,Female,Myanmar,26-03-2016 00:32,0
439,68.95,35,61833.9,256.09,Cloned 5thgeneration orchestration,Wrightburgh,Female,Tunisia,27-03-2016 00:53,0
451,80.55,35,68016.9,219.91,Extended grid-enabled hierarchy,Port Brittanyville,Female,British Virgin Islands,28-03-2016 23:01,0
452,53.38,35,60803.37,120.06,Total local synergy,Alexanderview,Male,French Guiana,30-03-2016 01:05,1
466,79.4,35,63966.72,236.87,User-centric intangible contingency,New Gabriel,Female,Malaysia,01-04-2016 09:21,0
513,73.95,35,67714.82,238.58,Persevering even-keeled help-desk,Millerland,Female,Wallis and Futuna,10-04-2016 14:48,0
2,80.94,36,60803,239.94,Self-enabling local strategy,North Tiffany,Female,Bermuda,01-01-2016 05:31,0
8,81.21,36,63394.41,233.04,User-friendly content-based customer loyalty,South Jaimeview,Female,Turkmenistan,02-01-2016 09:30,0
15,51.24,36,76368.31,176.73,Versatile transitional monitoring,Timothyfurt,Female,Cuba,03-01-2016 16:01,1
92,57.64,36,37212.54,110.25,Robust web-enabled attitude,North Maryland,Male,Chile,18-01-2016 15:18,1
97,75.8,36,71222.4,224.9,Multi-layered fresh-thinking neural-net,East Michaelland,Female,Belize,21-01-2016 04:30,0
105,76.07,36,68033.54,235.56,Implemented bottom-line implementation,West Michaelshire,Female,Denmark,23-01-2016 01:42,0
122,85.37,36,66262.59,194.56,Front-line system-worthy flexibility,Alexandrafort,Male,Netherlands Antilles,27-01-2016 17:08,0
127,36.87,36,29398.61,195.91,Self-enabling incremental collaboration,New Rebecca,Female,Anguilla,28-01-2016 11:50,1
136,88.82,36,58638.75,169.1,Assimilated discrete strategy,East Johnport,Female,Slovakia (Slovak Republic),30-01-2016 00:05,0
137,73.3,36,68211.35,135.72,Adaptive asynchronous attitude,West Tanya,Male,Hungary,30-01-2016 04:38,1
138,43.97,36,68863.95,156.97,User-friendly grid-enabled analyzer,Boyerberg,Male,Indonesia,30-01-2016 09:54,1
153,89.8,36,57330.43,198.24,User-centric attitude-oriented adapter,West Tanner,Female,Lesotho,02-02-2016 04:57,0
201,43.07,36,60583.02,137.63,Monitored zero administration collaboration,East Ericport,Male,Turkey,11-02-2016 20:45,1
212,54.7,36,31087.54,118.39,Grass-roots solution-oriented conglomeration,Jessicastad,Male,British Indian Ocean Territory (Chagos Archipelago),13-02-2016 07:53,1
213,65.72,36,28275.48,120.12,Managed didactic flexibility,Kimberlymouth,Female,Saint Pierre and Miquelon,13-02-2016 13:57,1
217,44.64,36,55787.58,127.01,Up-sized incremental encryption,Codyburgh,Female,Belize,14-02-2016 06:51,1
244,65.19,36,75254.88,150.61,Cross-group regional website,Garciaside,Female,Israel,17-02-2016 11:42,1
264,35.66,36,59240.24,172.57,Implemented uniform synergy,Alvarezland,Female,Svalbard & Jan Mayen Islands,21-02-2016 20:09,1
269,83.98,36,68305.91,194.62,Profit-focused secondary portal,West Gregburgh,Female,Zimbabwe,24-02-2016 00:44,0
285,37.75,36,35466.8,225.24,Polarized dynamic throughput,South Daniel,Female,Uzbekistan,26-02-2016 19:48,1
290,85.23,36,64238.71,212.92,Visionary client-driven installation,Paulhaven,Male,Senegal,27-02-2016 12:34,0
364,75.55,36,31998.72,123.71,Decentralized attitude-oriented interface,South Davidmouth,Male,Bosnia and Herzegovina,12-03-2016 06:05,1
368,77.47,36,70510.59,222.91,Assimilated actuating policy,Hatfieldshire,Male,Jamaica,14-03-2016 03:29,0
414,83.69,36,68717,192.57,Robust context-sensitive neural-net,Shelbyport,Female,Fiji,23-03-2016 05:27,0
417,87.29,36,61628.72,209.93,Future-proofed methodical protocol,Pamelamouth,Male,Korea,23-03-2016 09:43,0
440,78.57,36,64045.93,239.32,Exclusive client-driven model,East Henry,Male,Liberia,27-03-2016 02:35,0
477,74.62,36,73207.15,217.79,Self-enabling even-keeled methodology,Lake Kurtmouth,Female,Rwanda,04-04-2016 08:19,0
488,64.75,36,63001.03,117.66,Multi-tiered stable leverage,North Sarashire,Female,Venezuela,06-04-2016 01:19,1
517,82.41,36,65882.81,222.08,Stand-alone logistical service-desk,North Brandon,Female,Nicaragua,12-04-2016 04:22,0
554,45.72,36,22473.08,154.02,Versatile homogeneous capacity,Williammouth,Male,Hong Kong,19-04-2016 15:14,1
562,87.09,36,57737.51,221.98,Synergized coherent interface,Luischester,Male,Reunion,21-04-2016 16:10,0
589,84.59,36,47169.14,241.8,Integrated grid-enabled budgetary management,Lake Jillville,Male,Belgium,26-04-2016 13:13,0
46,44.33,37,52723.34,123.72,Visionary maximized process improvement,Hamiltonfort,Male,Trinidad and Tobago,08-01-2016 09:32,1
74,74.84,37,64775.1,246.44,User-friendly impactful time-frame,Knappburgh,Male,Mongolia,14-01-2016 16:30,0
91,40.19,37,55358.88,136.99,Right-sized system-worthy project,Adamsbury,Female,France,18-01-2016 02:51,1
118,89,37,52079.18,222.26,Devolved regional moderator,Jordanmouth,Male,Cyprus,26-01-2016 15:56,0
141,55.39,37,23936.86,129.41,Customizable multi-tasking website,West Dylanberg,Female,Palestinian Territory,30-01-2016 19:20,1
146,74.27,37,65180.97,247.05,Monitored executive architecture,Andrewmouth,Male,Burkina Faso,31-01-2016 09:57,0
177,58.21,37,47575.44,105.94,Open-source global strategy,Pattymouth,Female,Djibouti,07-02-2016 17:06,1
185,68.88,37,78119.5,179.58,Advanced 5thgeneration capability,Port Whitneyhaven,Female,Belgium,09-02-2016 19:37,0
199,55.74,37,26130.93,124.34,Networked asymmetric infrastructure,Lake Michelle,Male,Hong Kong,11-02-2016 16:45,1
240,90.97,37,54520.14,180.77,Multi-lateral empowering throughput,Kimberlytown,Female,Congo,16-02-2016 18:21,0
243,85.35,37,64235.51,161.42,Exclusive multi-state Internet solution,Claytonside,Male,Ecuador,17-02-2016 11:15,0
265,55.46,37,42078.89,108.1,Exclusive systematic algorithm,Chrismouth,Female,Taiwan,21-02-2016 23:07,1
305,76.2,37,75044.35,178.51,Multi-layered fresh-thinking process improvement,Karenton,Female,Barbados,29-02-2016 19:26,0
332,55.71,37,57806.03,112.52,Upgradable 4thgeneration portal,Lake James,Male,Korea,06-03-2016 23:26,1
386,87.16,37,50711.68,231.95,Pre-emptive content-based frame,East Donnatown,Male,Western Sahara,16-03-2016 20:33,0
394,62.12,37,50671.6,105.86,Re-engineered intangible software,Johnsonview,Male,Liechtenstein,18-03-2016 13:00,1
471,46.2,37,51315.38,119.3,Distributed maximized ability,Welchshire,Female,Belgium,03-04-2016 11:38,1
514,71.28,37,67307.43,246.72,Distributed scalable orchestration,Dustinchester,Male,Guyana,10-04-2016 16:08,0
518,42.94,37,56681.65,130.4,Synergistic dynamic orchestration,Rebeccamouth,Male,Moldova,12-04-2016 12:35,1
591,89.18,37,46403.18,224.01,Public-key impactful neural-net,Rickymouth,Male,Nepal,26-04-2016 21:45,0
11,39.85,38,31343.39,145.96,Profit-focused dedicated utilization,East Stephen,Female,Vietnam,03-01-2016 03:22,1
34,56.64,38,61652.53,115.91,Down-sized uniform info-mediaries,Lake Christopherfurt,Female,Montserrat,05-01-2016 17:56,1
35,78.29,38,57844.96,252.07,Networked regional Local Area Network,Villanuevaton,Female,Liberia,05-01-2016 20:58,0
41,68.11,38,73884.48,231.21,Reactive national success,South Meredithmouth,Female,Seychelles,07-01-2016 21:21,0
61,43.6,38,20856.54,170.49,Virtual bandwidth-monitored initiative,North Ricardotown,Female,Chile,11-01-2016 07:36,1
157,41.89,38,68519.96,163.38,Compatible systemic function,Hartmanchester,Female,Cyprus,03-02-2016 04:21,1
159,56.14,38,32689.04,113.53,Devolved tangible approach,Lake Edward,Male,Ireland,03-02-2016 07:59,1
205,32.6,38,40159.2,190.05,Customizable homogeneous contingency,Tylerport,Female,Syrian Arab Republic,12-02-2016 03:39,1
222,73.49,38,67132.46,244.23,Organic 3rdgeneration encryption,Mosleyburgh,Female,Vanuatu,14-02-2016 11:36,0
242,88.12,38,46653.75,230.91,Realigned next generation projection,Hurleyborough,Female,Gibraltar,17-02-2016 07:05,0
250,83.66,38,68877.02,175.14,Profound dynamic attitude,East Debraborough,Female,Syrian Arab Republic,18-02-2016 03:58,0
266,91.15,38,36834.04,184.98,Robust uniform framework,Joshuamouth,Female,Cyprus,22-02-2016 07:04,0
306,63.88,38,19991.72,136.85,Upgradable even-keeled hardware,Kristintown,Female,Madagascar,29-02-2016 23:56,1
361,82.58,38,65496.78,225.23,Open-architected zero administration secured line,West Samantha,Male,Dominica,11-03-2016 14:50,0
398,63.8,38,36037.33,108.7,Adaptive demand-driven knowledgebase,Colebury,Male,Tuvalu,19-03-2016 00:27,1
442,45.08,38,35349.26,125.27,Synergized clear-thinking protocol,Fosterside,Female,Liberia,27-03-2016 08:32,1
446,38.52,38,42581.23,137.28,Customer-focused 24/7 concept,Lesliebury,Male,Saint Vincent and the Grenadines,27-03-2016 23:59,1
459,57.51,38,47682.28,105.71,Re-engineered zero-defect open architecture,Jeffreymouth,Female,Moldova,31-03-2016 08:53,1
460,87.98,38,56637.59,222.11,Focused scalable complexity,West Roytown,Male,Cambodia,31-03-2016 10:44,0
494,74.61,38,71055.22,231.28,Networked impactful framework,East Christopher,Male,South Africa,06-04-2016 23:10,0
549,75.8,38,70575.6,146.19,Progressive clear-thinking open architecture,Ashleychester,Male,Thailand,18-04-2016 11:23,0
608,68.41,38,61428.18,259.76,Grass-roots empowering paradigm,Christopherchester,Female,Guinea-Bissau,30-04-2016 15:27,0
69,35.55,39,51593.46,151.18,Robust object-oriented Graphic Interface,Westshire,Female,Micronesia,13-01-2016 20:38,1
85,80.96,39,67866.95,225,Integrated leadingedge frame,New Travis,Male,Wallis and Futuna,17-01-2016 04:12,0
109,39.25,39,62378.05,152.36,Customer-focused incremental system engine,Michellefort,Female,Mayotte,23-01-2016 17:39,1
158,37.05,39,49742.83,142.81,Automated object-oriented firmware,Tracyhaven,Male,Antigua and Barbuda,03-02-2016 05:47,1
183,65.82,39,76435.3,221.94,Reactive demand-driven capacity,Kellytown,Female,Ukraine,09-02-2016 05:28,0
184,49.84,39,45800.48,111.59,Reduced multimedia project,Hannaport,Female,Samoa,09-02-2016 07:21,1
187,76.64,39,66217.31,241.5,Reverse-engineered web-enabled support,North Daniel,Male,Poland,09-02-2016 23:38,0
330,79.51,39,34942.26,125.11,Proactive non-volatile encryption,North Charlesbury,Male,Brunei Darussalam,06-03-2016 09:33,1
337,55.35,39,75509.61,153.17,De-engineered object-oriented protocol,East Tammie,Male,Cook Islands,08-03-2016 00:37,1
356,38.93,39,27508.41,162.08,Intuitive exuding service-desk,Millerchester,Female,Liberia,11-03-2016 06:49,1
425,49.95,39,68737.75,136.59,Cloned object-oriented benchmark,Millerbury,Female,Turkmenistan,24-03-2016 09:12,1
431,35.21,39,52340.1,154,Advanced disintermediate data-warehouse,New Timothy,Male,United States Minor Outlying Islands,25-03-2016 06:36,1
436,41.86,39,53041.77,128.62,Open-source stable paradigm,Hawkinsbury,Male,Ethiopia,26-03-2016 15:28,1
486,82.95,39,69805.7,201.29,Customer-focused impactful success,Karenmouth,Female,Lao People's Democratic Republic,05-04-2016 08:18,0
493,86.63,39,63764.28,209.64,Face-to-face multimedia success,New Jessicaport,Male,Costa Rica,06-04-2016 21:20,0
495,83.4,39,60879.48,235.01,Advanced local task-force,Shaneland,Female,Tanzania,07-04-2016 01:57,0
535,49.89,39,17709.98,160.03,Enhanced system-worthy application,East Michele,Male,Belize,16-04-2016 12:09,1
555,73.89,39,47160.53,110.68,Horizontal national architecture,North April,Female,France,20-04-2016 00:41,1
568,79.6,39,73392.28,194.23,Organized global flexibility,Lake Deannaborough,Female,Rwanda,22-04-2016 07:48,0
10,83.26,40,70225.6,187.76,Decentralized foreground infrastructure,Alanview,Female,Tonga,02-01-2016 14:36,0
43,63.89,40,51317.33,105.22,Synchronized user-facing core,Jensenborough,Female,Rwanda,08-01-2016 00:17,1
90,88.85,40,58363.12,213.96,Cloned optimal leverage,Cannonbury,Female,Bulgaria,17-01-2016 18:45,0
155,83.97,40,66291.67,158.42,Progressive asynchronous adapter,West Lisa,Male,Croatia,02-02-2016 11:49,0
171,68.1,40,74903.41,227.73,Reactive composite project,Thomasstad,Male,Honduras,05-02-2016 16:50,0
215,80.49,40,67186.54,229.12,Balanced heuristic approach,Amyhaven,Male,Tanzania,14-02-2016 03:50,0
251,71.83,40,22205.74,135.48,Diverse background ability,Costaburgh,Male,Rwanda,18-02-2016 22:42,1
288,74.58,40,23821.72,135.51,Advanced 24/7 productivity,Millertown,Male,Russian Federation,27-02-2016 04:43,1
301,41.88,40,44217.68,126.11,Streamlined exuding adapter,Port Rachel,Male,Cyprus,28-02-2016 23:54,1
307,77.07,40,44559.43,261.02,Face-to-face analyzing encryption,Stephenborough,Female,Afghanistan,01-03-2016 10:01,0
319,44.13,40,33601.84,128.48,Ameliorated discrete extranet,West Derekmouth,Male,Cuba,03-03-2016 20:20,1
331,69.17,40,66193.81,123.62,Extended leadingedge solution,New Patrick,Female,Montenegro,06-03-2016 11:36,1
336,91.1,40,55499.69,198.13,Secured intermediate approach,Michaelmouth,Male,Bolivia,07-03-2016 22:51,0
349,32.84,40,41232.89,171.72,Triple-buffered 3rdgeneration migration,New Keithburgh,Female,Trinidad and Tobago,10-03-2016 01:36,1
357,90.75,40,45945.88,216.5,Decentralized methodical capability,Lake Joseph,Female,Togo,11-03-2016 09:58,0
366,74.38,40,74024.61,220.05,Enhanced zero tolerance Graphic Interface,East Graceland,Male,Indonesia,13-03-2016 13:50,0
384,62.06,40,63493.6,116.27,Digitized radical array,East Rachaelfurt,Male,Jersey,16-03-2016 20:10,1
402,86.38,40,66359.32,188.27,Cross-platform 4thgeneration focus group,Rhondaborough,Male,Singapore,19-03-2016 14:57,0
413,48.22,40,73882.91,214.33,Inverse national core,Turnerville,Female,Norfolk Island,22-03-2016 19:14,0
434,50.19,40,33987.27,117.3,Progressive uniform budgetary management,Lake Stephenborough,Female,Thailand,25-03-2016 19:02,1
445,75.81,40,71157.05,229.19,Inverse zero-defect capability,Sanchezland,Female,Greenland,27-03-2016 19:50,0
510,50.08,40,64147.86,125.85,Ergonomic full-range time-frame,Whiteport,Male,Greece,10-04-2016 02:02,1
528,81.98,40,65461.92,229.22,Ameliorated upward-trending definition,Taylorberg,Female,Seychelles,15-04-2016 11:51,0
566,36.37,40,47338.94,144.53,Quality-focused zero-defect data-warehouse,North Jessicaville,Male,Kiribati,22-04-2016 00:28,1
594,50.32,40,27964.6,125.65,Realigned intangible benchmark,Rochabury,Female,Yemen,27-04-2016 18:25,1
20,83.16,41,70185.06,194.95,Decentralized 24hour approach,Robinsonland,Female,Finland,04-01-2016 04:00,0
49,39.94,41,64927.19,156.3,Function-based optimizing protocol,Williamsborough,Female,Lithuania,08-01-2016 22:47,1
50,57.05,41,50278.89,269.96,Seamless full-range website,Port Erinberg,Male,Sierra Leone,09-01-2016 03:45,1
72,44.33,41,43386.07,120.63,Ergonomic empowering frame,Estradashire,Female,Guyana,14-01-2016 09:27,1
99,67.85,41,78520.99,202.7,Reactive tangible contingency,East Ronald,Male,Saint Helena,21-01-2016 22:51,1
110,62.14,41,59397.89,110.93,Upgradable multi-tasking initiative,North Andrewstad,Male,Angola,23-01-2016 18:59,1
123,81.58,41,55479.62,248.16,Cloned explicit middleware,East Sheriville,Female,Moldova,27-01-2016 17:55,0
125,84.29,41,60638.38,232.54,Re-contextualized systemic time-frame,Jacksonmouth,Female,Niue,27-01-2016 20:47,0
145,52.7,41,41059.64,109.34,Team-oriented high-level orchestration,New Matthew,Male,Zambia,31-01-2016 08:50,1
151,67.58,41,65044.59,255.61,Focused high-level conglomeration,Ingramberg,Male,Mayotte,01-02-2016 19:42,0
219,60.94,41,76893.84,154.97,Fundamental fault-tolerant neural-net,Garciaview,Female,Latvia,14-02-2016 07:30,1
279,77.36,41,49597.08,115.79,Fully-configurable asynchronous firmware,Port Jennifer,Female,El Salvador,26-02-2016 06:00,1
362,69.08,41,77460.07,210.6,Ergonomic client-driven application,Kimberlyhaven,Female,Turks and Caicos Islands,12-03-2016 01:39,0
376,43.63,41,51662.24,123.25,Exclusive zero tolerance frame,Jordanshire,Male,Albania,15-03-2016 14:06,1
382,84.33,41,54989.93,240.95,Pre-emptive zero tolerance Local Area Network,Shawstad,Female,Belize,16-03-2016 00:28,0
416,66.14,41,78092.95,165.27,Re-engineered impactful software,North Isabellaville,Female,Western Sahara,23-03-2016 08:52,0
427,49.99,41,61068.26,121.07,Profound bottom-line standardization,New Charleschester,Female,Romania,24-03-2016 09:34,1
558,44.11,41,43111.41,121.24,Organic next generation matrix,Lake David,Male,Saint Vincent and the Grenadines,20-04-2016 16:49,1
5,46.61,42,65856.74,136.18,Progressive intermediate throughput,Catherinefort,Female,Ethiopia,01-01-2016 20:17,1
77,44.46,42,30487.48,132.66,Intuitive zero-defect framework,Christinehaven,Male,Mongolia,15-01-2016 19:40,1
226,64.88,42,70005.51,129.8,Customizable systematic service-desk,West Chloeborough,Male,Equatorial Guinea,14-02-2016 22:23,1
254,60.75,42,69775.75,247.05,Fully-configurable systemic productivity,Garrettborough,Male,Guyana,19-02-2016 13:26,0
258,56.66,42,72684.44,139.42,Upgradable asymmetric emulation,Lake Jesus,Female,Dominican Republic,20-02-2016 10:52,1
260,80.47,42,70505.06,215.18,Grass-roots multimedia policy,East Jennifer,Male,Mali,21-02-2016 05:23,0
275,47.9,42,48467.68,114.53,Cross-group human-resource time-frame,East Jessefort,Female,United Kingdom,24-02-2016 19:08,1
296,54.96,42,59419.78,113.75,Public-key disintermediate emulation,West Amanda,Male,Niger,28-02-2016 09:31,1
400,57.2,42,57739.03,110.66,Innovative maximized groupware,East Heatherside,Female,New Zealand,19-03-2016 11:09,1
484,53.44,42,42907.89,108.17,Up-sized next generation architecture,Lake Jennifer,Male,Libyan Arab Jamahiriya,04-04-2016 22:00,1
490,38.46,42,58183.04,145.98,Customizable 6thgeneration knowledge user,East Michaelmouth,Male,Guatemala,06-04-2016 11:24,1
526,60.07,42,65963.37,120.75,Total user-facing hierarchy,South Vincentchester,Male,United Kingdom,15-04-2016 10:16,1
561,69.11,42,73608.99,231.48,Face-to-face mission-critical definition,Novaktown,Male,Faroe Islands,21-04-2016 12:34,0
584,89.15,42,59886.58,171.07,Phased zero administration success,Townsendfurt,Female,Fiji,25-04-2016 07:30,0
597,42.39,42,66541.05,150.99,De-engineered mobile infrastructure,Erinton,Female,Christmas Island,28-04-2016 05:50,1
601,64.51,42,79484.8,190.71,Virtual 5thgeneration neural-net,Edwardmouth,Male,Madagascar,29-04-2016 07:49,0
62,63.99,43,72802.42,138.46,Ameliorated bandwidth-monitored contingency,North Cassie,Female,Haiti,11-01-2016 08:18,1
278,70.66,43,63450.96,120.95,Versatile scalable encryption,Lake Craigview,Male,Mauritius,26-02-2016 04:57,1
389,47.23,43,73538.09,210.87,Optimized upward-trending productivity,Yangside,Male,Svalbard & Jan Mayen Islands,17-03-2016 22:24,1
393,55.32,43,67682.32,127.65,Managed 24hour analyzer,Port Douglasborough,Female,Netherlands,18-03-2016 09:08,1
418,63.37,43,43155.19,105.04,Open-architected full-range projection,Michaelshire,Male,Poland,23-03-2016 12:53,1
472,67.28,43,76246.96,155.8,Future-proofed coherent hardware,North Mercedes,Male,Pakistan,03-04-2016 21:13,1
480,69.58,43,28028.74,255.07,Cross-group value-added success,Port Katelynview,Female,Congo,04-04-2016 18:36,1
487,83.17,43,54251.78,244.4,Managed national hardware,Port Kevinborough,Male,Sri Lanka,05-04-2016 18:02,0
544,39.34,43,31215.88,148.93,Proactive radical support,Alvaradoport,Female,Bangladesh,17-04-2016 21:39,1
604,67.51,43,23942.61,127.2,Digitized homogeneous core,Lake Faith,Female,Western Sahara,29-04-2016 14:10,1
33,79.54,44,70492.6,217.68,Centralized multi-state hierarchy,Sandraland,Male,Cambodia,05-01-2016 16:34,0
113,67.39,44,51257.26,107.19,Realigned intermediate application,Josephberg,Female,Armenia,24-01-2016 13:41,1
117,37.47,44,45716.48,141.89,Realigned content-based leverage,Port Lawrence,Male,Czech Republic,26-01-2016 03:56,1
167,54.55,44,41547.62,109.04,Re-engineered optimal policy,West Gabriellamouth,Female,Canada,04-02-2016 03:10,1
174,83.67,44,60192.72,234.26,Upgradable system-worthy array,West Shaun,Male,Saint Helena,06-02-2016 23:08,0
256,73.93,44,74180.05,218.22,Quality-focused scalable utilization,Lake Matthewland,Female,Niue,20-02-2016 00:06,0
271,52.17,44,57594.7,115.37,Optional modular throughput,New Julianberg,Male,Equatorial Guinea,24-02-2016 06:17,1
297,60.72,44,42995.8,105.69,Synergized context-sensitive database,Jacobstad,Female,Kuwait,28-02-2016 18:52,1
463,67.69,44,37345.34,109.22,Fundamental methodical support,South Jackieberg,Female,Guam,01-04-2016 01:57,1
519,62.06,44,44174.25,105,Adaptive contextually-based methodology,Port Paultown,Female,Austria,12-04-2016 14:01,1
520,43.02,44,50199.77,125.22,Configurable bottom-line application,West Lindseybury,Female,Thailand,13-04-2016 05:42,1
550,80.31,44,56366.88,127.07,Cross-platform regional task-force,Brianfurt,Female,Hungary,18-04-2016 15:54,1
557,35.79,44,33813.08,165.62,Enterprise-wide tangible model,North Katie,Male,Tonga,20-04-2016 13:36,1
564,72.88,44,64011.26,125.12,Customer-focused explicit challenge,Sarahland,Female,Yemen,21-04-2016 19:56,1
29,61.22,45,63883.81,119.03,Streamlined logistical secured line,South Adam,Male,Switzerland,05-01-2016 09:42,1
87,33.33,45,53350.11,193.58,Pre-emptive value-added workforce,East Samanthashire,Male,Guinea-Bissau,17-01-2016 09:31,1
133,43.83,45,35684.82,129.01,Total human-resource flexibility,Greerport,Female,Saudi Arabia,29-01-2016 05:39,1
248,55.13,45,55605.92,111.71,Customizable executive software,Lake Conniefurt,Female,Ukraine,17-02-2016 21:55,1
315,60.39,45,38987.42,108.25,Front-line methodical utilization,Port Christina,Male,Switzerland,02-03-2016 15:39,1
326,63.18,45,39211.49,107.92,Reactive upward-trending migration,Hansenland,Female,Georgia,05-03-2016 12:03,1
334,88.04,45,62589.84,191.17,Profound explicit hardware,Lake Deborahburgh,Male,Saint Vincent and the Grenadines,07-03-2016 20:02,0
343,46.66,45,49101.67,118.16,Grass-roots mission-critical emulation,Wrightview,Female,Antigua and Barbuda,09-03-2016 02:07,1
383,40.42,45,40183.75,133.9,Stand-alone reciprocal synergy,Lisamouth,Male,Norway,16-03-2016 07:59,1
465,91.37,45,51920.49,182.65,Re-engineered composite moratorium,Lawsonshire,Male,Kazakhstan,01-04-2016 07:37,1
470,89.05,45,57868.44,206.98,Polarized bandwidth-monitored moratorium,Stewartbury,Female,Falkland Islands (Malvinas),03-04-2016 10:07,0
525,39.96,45,59610.81,146.13,Enhanced homogeneous moderator,East Barbara,Male,Guernsey,15-04-2016 06:08,1
543,83.71,45,64564.07,220.48,Organized demand-driven knowledgebase,Millerfort,Male,Kazakhstan,17-04-2016 19:10,0
567,51.3,45,67782.17,134.42,Grass-roots cohesive monitoring,New Darlene,Male,Bosnia and Herzegovina,22-04-2016 02:07,1
603,35.66,45,46197.59,151.72,Exclusive cohesive intranet,Port Beth,Female,Peru,29-04-2016 14:08,1
609,32.99,45,49282.87,177.46,Phased full-range hardware,Masseyshire,Female,Ecuador,30-04-2016 19:42,1
16,76.58,46,41884.64,258.26,Secured 24hour policy,West Sydney,Female,Uzbekistan,03-01-2016 16:30,0
39,51.56,46,63102.19,124.85,Business-focused client-driven forecast,Helenborough,Female,Australia,07-01-2016 13:58,1
52,46.13,46,37838.72,123.64,Horizontal hybrid challenge,New Rachel,Male,Guyana,09-01-2016 05:44,1
59,78.35,46,53185.34,253.48,Pre-emptive client-server open system,Parkerhaven,Female,Brazil,11-01-2016 02:07,0
294,49.21,46,49206.4,115.6,Realigned 24/7 core,Carterland,Female,Mexico,28-02-2016 03:34,1
299,66.83,46,77871.75,196.17,Assimilated hybrid initiative,North Jeremyport,Male,Cyprus,28-02-2016 23:10,0
363,44.72,46,40468.53,123.86,Cross-group systemic customer loyalty,North Jenniferburgh,Male,Grenada,12-03-2016 02:48,1
448,35.61,46,51868.85,158.22,Up-sized secondary software,North Michael,Female,Egypt,28-03-2016 08:46,1
491,57.82,46,48867.36,107.56,Centralized asynchronous portal,Brandiland,Male,Belarus,06-04-2016 14:16,1
530,65.57,46,23410.75,130.86,Implemented asynchronous application,Reginamouth,Female,Belgium,15-04-2016 15:07,1
585,48.01,46,54286.1,119.93,Centralized 24/7 installation,West Christopher,Female,Italy,25-04-2016 11:01,1
65,43.49,47,50335.46,127.83,User-centric intangible task-force,Guzmanland,Female,Belize,12-01-2016 10:07,1
206,67.56,47,50628.31,109.98,Reduced background data-warehouse,Zacharyton,Female,Paraguay,12-02-2016 05:20,1
220,62.31,47,62722.57,119.3,Team-oriented encompassing portal,Amandahaven,Female,Turkey,14-02-2016 07:36,1
238,53.68,47,56180.93,115.26,Operative stable moderator,New Michael,Male,Micronesia,16-02-2016 09:11,1
353,35.98,47,55993.68,165.52,Focused 3rdgeneration pricing structure,West Jane,Male,El Salvador,10-03-2016 23:26,1
412,65.59,47,28265.81,121.81,Digitized disintermediate ability,Brandymouth,Female,Indonesia,22-03-2016 06:41,1
505,41.73,47,60812.77,144.71,Proactive client-server productivity,Andersonchester,Female,Cote d'Ivoire,08-04-2016 22:48,1
511,37.45,47,31281.01,167.86,Horizontal high-level concept,South Johnnymouth,Female,Antigua and Barbuda,10-04-2016 03:30,1
521,35.49,47,36884.23,170.04,Front-line actuating functionalities,North Brittanyburgh,Female,Liechtenstein,13-04-2016 07:07,1
545,36.31,47,57983.3,168.92,Reverse-engineered well-modulated capability,East Yvonnechester,Female,Eritrea,18-04-2016 00:49,1
587,66.26,47,14548.06,179.04,Optional full-range projection,Matthewtown,Male,Lebanon,25-04-2016 19:31,1
51,56.7,48,62784.85,123.13,Progressive non-volatile neural-net,Port Crystal,Female,France,09-01-2016 04:53,1
79,50.6,48,65956.71,135.67,Customer-focused fault-tolerant implementation,Port Michaelmouth,Female,Brazil,15-01-2016 22:49,1
120,45.17,48,34418.09,132.07,Down-sized background groupware,Taylormouth,Male,Palau,27-01-2016 14:41,1
241,89.71,48,51501.38,204.4,Versatile local forecast,Sarafurt,Male,Bahrain,17-02-2016 07:00,0
273,36.91,48,,159.69,Ameliorated coherent open architecture,North Samantha,Female,Zimbabwe,24-02-2016 07:13,1
333,66,48,,131.76,Reactive local challenge,Port Jefferybury,Male,Australia,07-03-2016 01:40,1
421,34.78,48,,208.21,Exclusive even-keeled moratorium,Jeffreyburgh,Male,South Africa,24-03-2016 02:01,1
424,37,48,,158.22,Function-based context-sensitive secured line,Jonathantown,Male,Kenya,24-03-2016 06:36,1
497,38.63,48,,222.11,Cross-platform logistical pricing structure,Chapmanmouth,Female,Papua New Guinea,07-04-2016 10:51,1
503,35.49,48,,159.77,Fully-configurable holistic throughput,Timothyport,Female,American Samoa,08-04-2016 14:35,1
539,84,48,,136.21,Inverse discrete extranet,Robertside,Male,Kyrgyz Republic,17-04-2016 05:08,1
100,48.46,49,,132.38,Devolved human-resource circuit,Lisamouth,Male,Indonesia,21-01-2016 23:33,1
162,42.04,49,,182.11,Organic logistical adapter,New Christinatown,Female,Qatar,03-02-2016 16:54,1
163,56.3,49,,135.24,Fully-configurable high-level implementation,South Meghan,Male,New Caledonia,03-02-2016 19:12,1
176,56.04,49,,128.95,Decentralized real-time circuit,West Ricardo,Male,Netherlands,07-02-2016 08:02,1
229,66.12,49,,113.8,Stand-alone motivating moratorium,South Alexisborough,Female,Cote d'Ivoire,15-02-2016 07:27,1
377,55.77,49,,117.33,Fully-configurable high-level groupware,East Shawn,Male,Chile,15-03-2016 14:33,1
385,47.64,49,,122.02,Centralized neutral neural-net,West Brandonton,Female,Qatar,16-03-2016 20:19,1
444,69.74,49,,243.37,Enhanced maximized access,Birdshire,Female,Hungary,27-03-2016 16:41,0
449,41.16,49,,150.83,Configurable interactive contingency,Hendrixmouth,Male,Venezuela,28-03-2016 09:15,1
502,49.35,49,,119.86,Inverse stable synergy,Lake Charlottestad,Female,Kenya,07-04-2016 20:38,1
509,44.98,49,,129.31,Organized global model,Port Sarahshire,Female,Svalbard & Jan Mayen Islands,10-04-2016 00:13,1
563,56.2,49,,114.85,Adaptive uniform capability,East Georgeside,Male,Bahamas,21-04-2016 18:31,1
9,44.96,50,,132.71,Focused fresh-thinking Graphic Interface,South Peter,Male,Heard Island and McDonald Islands,02-01-2016 12:25,1
12,35.25,50,,194.44,Intuitive global website,Waltertown,Female,Iran,03-01-2016 04:39,1
126,58.6,50,,113.7,Organic asynchronous hierarchy,Rogerburgh,Female,Samoa,28-01-2016 07:10,1
129,52.13,50,,118.27,Open-source even-keeled database,West Raymondmouth,Male,Ethiopia,28-01-2016 17:03,1
132,41.28,50,,140.39,Universal 24/7 implementation,East Rachelview,Female,Equatorial Guinea,29-01-2016 03:54,1
152,52.62,50,,176.52,Enterprise-wide foreground emulation,Port Juan,Female,Seychelles,01-02-2016 20:30,1
204,78.96,50,,193.15,Stand-alone well-modulated product,East Jason,Female,Cayman Islands,12-02-2016 01:55,1
207,57.99,50,,124.58,Innovative homogeneous alliance,New Angelview,Female,Costa Rica,12-02-2016 08:46,1
311,50.33,50,,133.2,Sharable analyzing alliance,South Lauraton,Male,Micronesia,02-03-2016 04:57,1
351,50.63,50,,142.23,Operative full-range forecast,Tammymouth,Female,Luxembourg,10-03-2016 15:07,1
352,51.87,50,,119.65,Team-oriented dynamic forecast,Kevinberg,Female,Afghanistan,10-03-2016 22:28,1
391,56.34,50,,139.02,Multi-channeled mission-critical success,Port Michealburgh,Male,Anguilla,17-03-2016 23:39,1
403,37.01,50,,216.01,Secured encompassing Graphical User Interface,Port Derekberg,Female,San Marino,20-03-2016 02:44,1
458,37.32,50,,199.25,Versatile dedicated software,New Nancy,Male,Chad,30-03-2016 23:40,1
464,56.91,50,,146.44,Team-oriented executive core,West Randy,Female,Norfolk Island,01-04-2016 05:17,1
150,51.63,51,,120.37,Expanded intangible solution,South Jessica,Male,Mongolia,01-02-2016 17:24,1
200,50.78,51,,122.04,Vision-oriented asynchronous Internet solution,West David,Female,Liberia,11-02-2016 17:02,1
224,64.67,51,,138.35,Horizontal incremental website,Andersonfurt,Male,Togo,14-02-2016 16:33,1
345,37.65,51,,161.29,Automated stable help-desk,Davidview,Male,Bahrain,09-03-2016 06:22,1
381,68.95,51,,185.85,Front-line bandwidth-monitored capacity,South Adamhaven,Male,United States Virgin Islands,15-03-2016 20:19,0
25,46.37,52,,144.27,De-engineered solution-oriented open architecture,Alexanderfurt,Female,French Guiana,05-01-2016 00:02,1
30,71.23,52,,122.59,Self-enabling zero administration neural-net,Ericksonmouth,Female,Sweden,05-01-2016 11:53,1
114,43.77,52,,138.55,Synergized hybrid time-frame,Kyleborough,Male,Portugal,25-01-2016 07:39,1
160,82.12,52,,201.15,Fully-configurable client-driven customer loyalty,East Dana,Male,Germany,03-02-2016 10:40,1
245,37.68,52,,172.83,Organic leadingedge secured line,Lake Cassandraport,Male,Turkmenistan,17-02-2016 13:16,1
342,36.49,52,,196.61,Object-based system-worthy superstructure,Ryanhaven,Male,Lao People's Democratic Republic,09-03-2016 00:41,1
408,42.84,52,,182.2,Enhanced optimizing website,Lake Michellebury,Male,Tunisia,21-03-2016 11:02,1
485,46.61,52,,156.99,Ergonomic methodical encoding,Danielview,Female,New Zealand,05-04-2016 05:54,1
522,37.58,52,,176.7,Exclusive disintermediate Internet solution,Cameronberg,Male,Bulgaria,13-04-2016 13:04,1
574,59.05,52,,118.45,Upgradable logistical flexibility,Kristinfurt,Male,Uganda,23-04-2016 03:46,1
38,81.22,53,,223.09,Networked coherent interface,Port Jason,Male,San Marino,07-01-2016 13:25,0
308,40.01,53,,161.77,Sharable multimedia conglomeration,East Brettton,Female,Ecuador,01-03-2016 22:06,1
371,61.57,53,,125.94,Progressive 24hour forecast,Bradyfurt,Male,Bulgaria,14-03-2016 14:13,1
498,62.26,53,,125.45,Profound stable product,West Aprilport,Male,Montenegro,07-04-2016 15:18,1
575,44.49,53,,168,Business-focused real-time toolset,Jacksonburgh,Male,Sao Tome and Principe,23-04-2016 06:28,1
47,53.63,54,,126.29,Front-line zero-defect array,Vanessaview,Male,Liberia,08-01-2016 18:13,1
55,48.86,54,,134.46,Proactive encompassing paradigm,Perryburgh,Female,French Guiana,09-01-2016 17:33,1
111,39.19,54,,173.05,Stand-alone empowering benchmark,Leahside,Female,Guatemala,23-01-2016 21:15,1
168,46.88,54,,136.64,Virtual scalable secured line,Port Melissaberg,Female,Singapore,04-02-2016 08:53,1
553,68.94,54,,138.71,Streamlined next generation implementation,East Tylershire,Female,Timor-Leste,19-04-2016 07:34,1
572,71.9,54,,140.15,Inverse zero tolerance customer loyalty,Timothymouth,Male,Czech Republic,22-04-2016 20:32,1
58,66.18,55,,143.42,Vision-oriented contextually-based extranet,Frankbury,Female,Svalbard & Jan Mayen Islands,10-01-2016 23:14,1
67,59.22,55,,126.39,Polarized 5thgeneration matrix,North Andrew,Male,Honduras,13-01-2016 02:39,1
365,71.03,55,,150.77,Programmable didactic capacity,Port Georgebury,Female,China,12-03-2016 07:18,1
473,49.96,55,,151.94,Multi-layered user-facing parallelism,South Cynthiashire,Male,Zambia,04-04-2016 00:02,1
192,42.44,56,,168.27,Profit-focused attitude-oriented task-force,Petersonfurt,Female,Tajikistan,10-02-2016 15:23,1
606,47,56,,149.53,Public-key bi-directional Graphical User Interface,New Marcusbury,Female,Bahamas,29-04-2016 20:40,1
223,77.8,57,,152.94,Virtual executive implementation,Destinyfurt,Female,Namibia,14-02-2016 14:38,1
373,57.64,57,,133.81,Synchronized dedicated service-desk,New Thomas,Male,Dominica,15-03-2016 03:12,1
428,46.31,57,,153.98,Front-line fault-tolerant intranet,Bernardton,Male,Jamaica,24-03-2016 13:37,1
515,68.61,57,,150.29,Diverse modular interface,South George,Female,South Africa,10-04-2016 19:48,1
32,45.11,58,,195.69,Sharable reciprocal project,Browntown,Female,Netherlands,05-01-2016 16:26,1
221,56.39,58,,154.23,Programmable uniform website,West Shannon,Female,Australia,14-02-2016 10:06,1
481,80.3,58,,173.43,Managed client-server access,East Breannafurt,Female,Cayman Islands,04-04-2016 20:01,1
173,61.82,59,,151.93,Open-architected needs-based customer loyalty,Olsonside,Male,Barbados,06-02-2016 17:48,1
84,66.63,60,,176.98,User-friendly upward-trending intranet,New Lucasburgh,Female,Madagascar,16-01-2016 23:37,1
501,66.79,60,,198.3,Decentralized client-driven data-warehouse,Shelbyport,Male,Burkina Faso,07-04-2016 20:34,1
42,66.08,61,,184.23,Synchronized multi-tasking ability,Klineside,Male,Cuba,07-01-2016 23:02,1
