,Daily Time Spent on Site,Age,Area Income,Daily Internet Usage,Ad Topic Line,City,Male,Country,Timestamp,Clicked on Ad
0,67.94,75,68447.17,128.16,Assimilated next generation firmware,North Kimberly,0,Morocco,01-05-2016 00:23,1
1,41.84,49,37605.11,139.32,Operative secondary functionalities,Lake Vanessa,0,Cyprus,01-05-2016 08:27,1
2,72.46,40,56683.32,113.53,Enhanced tertiary utilization,Cervantesshire,0,Malawi,01-05-2016 09:23,1
3,81.95,31,64698.58,208.76,Distributed cohesive migration,East Connie,1,Serbia,01-05-2016 21:46,0
4,76.79,27,55677.12,235.94,Open-architected intangible strategy,Wademouth,0,Canada,01-05-2016 23:21,0
5,66.17,101,63580.22,228.7,Business-focused maximized complexity,North Anaport,0,Mexico,02-05-2016 00:01,0
6,82.03,41,71511.08,187.53,Intuitive dynamic attitude,Pruittmouth,0,Afghanistan,02-05-2016 07:00,0
7,61.04,41,75805.12,149.21,Operative didactic Local Area Network,Ronaldport,0,Benin,02-05-2016 15:31,1
8,32.6,45,48206.04,185.47,Multi-tiered interactive neural-net,New Henry,0,Mayotte,02-05-2016 18:37,1
9,59.64,51,71455.62,153.12,Re-contextualized human-resource success,Evansville,1,Guyana,03-05-2016 01:09,1
10,80.39,31,66269.49,214.74,Fully-configurable incremental Graphical User Interface,Paulport,0,Gabon,03-05-2016 08:21,0
11,50.6,30,34191.13,129.88,Realigned reciprocal framework,New Daniellefort,1,United States of America,03-05-2016 12:57,1
12,85.01,500,59797.64,192.5,Devolved exuding Local Area Network,Evansfurt,0,Slovakia (Slovak Republic),03-05-2016 16:02,0
13,79.6,28,56570.06,227.37,Synergistic discrete middleware,Whitneyfort,1,Sweden,03-05-2016 16:55,0
14,79.94,28,58526.04,225.29,Visionary reciprocal circuit,Odomville,0,United Kingdom,03-05-2016 21:19,0
15,76.77,36,58348.41,123.51,Universal even-keeled analyzer,Harveyport,0,Turks and Caicos Islands,04-05-2016 00:01,1
16,45.44,43,48453.55,119.27,Enhanced intermediate standardization,Mezaton,0,China,04-05-2016 05:01,1
17,46.98,50,21644.91,175.37,Down-sized well-modulated archive,East Michelleberg,0,Lithuania,04-05-2016 09:00,1
18,75.15,22,52011,212.87,Universal global intranet,Jamiefort,1,Austria,04-05-2016 12:06,0
19,70.92,41,49995.63,108.16,Polarized modular function,Lake Jose,1,Belarus,05-05-2016 07:58,1
20,40.67,35,48913.07,133.18,Stand-alone encompassing throughput,West Amanda,0,Lebanon,05-05-2016 09:28,1
21,61.84,45,46024.29,105.63,Reactive bi-directional standardization,Port Joshuafort,1,Niger,05-05-2016 11:07,1
22,45.05,600,66348.95,141.36,Digitized contextually-based product,South Kyle,0,French Southern Territories,05-05-2016 11:09,1
23,53.3,34,44893.71,111.94,Self-enabling optimal initiative,West Jessicahaven,0,Mauritania,06-05-2016 21:07,1
24,82.8,30,58776.67,223.2,Enhanced systemic benchmark,West Steven,1,Egypt,07-05-2016 08:39,0
25,65.22,30,66263.37,240.09,Fully-configurable foreground solution,Michaelland,1,Falkland Islands (Malvinas),07-05-2016 15:16,0
26,50.43,46,57425.87,119.32,Persevering needs-based open architecture,Charlesport,1,Saint Helena,07-05-2016 17:11,1
27,79.09,60,69481.85,209.72,Optimized multimedia website,Hernandezchester,1,Svalbard & Jan Mayen Islands,07-05-2016 21:32,0
28,83.07,37,62491.01,230.87,Team-oriented grid-enabled Local Area Network,East Theresashire,1,Burundi,08-05-2016 08:10,0
29,40.04,27,48098.86,161.58,Cross-platform neutral system engine,Meghanchester,0,Poland,08-05-2016 10:25,1
30,78.83,36,66050.63,234.64,Future-proofed responsive matrix,New Wanda,1,Qatar,08-05-2016 12:08,0
31,52.7,34,58543.94,118.6,Integrated human-resource encoding,Grahamberg,1,Venezuela,08-05-2016 12:12,1
32,86.19,31,57669.41,210.26,Pre-emptive executive knowledgebase,Lopezmouth,1,Greece,08-05-2016 12:51,0
33,82.52,32,66572.39,198.11,Persevering exuding system engine,North Joshua,1,Turkmenistan,08-05-2016 15:38,0
34,43.65,39,63649.04,138.87,Business-focused background synergy,North Aaronburgh,0,Western Sahara,08-05-2016 22:24,1
35,71.84,500,76003.47,199.79,Advanced exuding conglomeration,North Randy,1,Malawi,08-05-2016 22:47,0
36,75.55,36,73234.87,159.24,Managed grid-enabled standardization,Ramirezside,0,Liechtenstein,09-05-2016 02:58,1
37,63.3,38,63071.34,116.19,Polarized intangible encoding,Lake Evantown,0,Saint Barthelemy,09-05-2016 07:13,1
38,49.67,27,28019.09,153.69,Face-to-face reciprocal methodology,Port Brian,0,Zimbabwe,09-05-2016 08:44,1
39,60.53,29,56759.48,123.28,Networked even-keeled workforce,Williamsport,0,Papua New Guinea,09-05-2016 10:21,1
40,33.52,43,42191.61,165.56,Vision-oriented optimizing middleware,Jessicahaven,0,Cambodia,09-05-2016 21:54,1
41,72.76,33,66431.87,240.63,Virtual impactful algorithm,Williamsport,1,India,10-05-2016 04:28,0
42,35.65,40,31265.75,172.58,Seamless intangible secured line,North Johntown,1,Georgia,10-05-2016 07:22,1
43,59.7,28,49158.5,120.25,Expanded zero administration attitude,Florestown,0,Guernsey,10-05-2016 14:12,1
44,50.87,24,62939.5,190.41,Programmable empowering orchestration,North Angelatown,0,Liberia,10-05-2016 17:13,1
45,33.21,500,42650.32,167.07,Polarized clear-thinking budgetary management,Wilcoxport,1,Turkey,10-05-2016 17:39,1
46,66.69,35,48758.92,108.27,Integrated encompassing support,Vanessastad,0,Jersey,11-05-2016 19:13,1
47,81.58,25,39699.13,199.39,Decentralized needs-based analyzer,Erikville,0,Hong Kong,11-05-2016 22:02,0
48,87.26,35,63060.55,184.03,Multi-layered tangible portal,New Paul,0,Bosnia and Herzegovina,12-05-2016 04:35,0
49,49.19,38,61004.51,123.08,Versatile solution-oriented secured line,North Mark,0,Hungary,12-05-2016 12:11,1
50,73.21,30,51013.37,252.6,Networked logistical info-mediaries,Lake Jessicaville,1,Denmark,12-05-2016 20:57,1
51,59.12,33,28210.03,124.54,Synergistic stable infrastructure,Silvaton,0,Greece,12-05-2016 21:32,1
52,38.37,36,41229.16,140.46,Multi-layered user-facing paradigm,East John,0,Antarctica (the territory South of 60 deg S),13-05-2016 06:09,1
53,69.9,43,71392.53,138.35,Down-sized modular intranet,Christopherport,0,Jersey,13-05-2016 11:51,1
54,39.56,41,59243.46,143.13,Ameliorated exuding solution,Port Mitchell,1,Western Sahara,13-05-2016 11:57,1
55,79.81,37,51847.26,253.17,Realigned global initiative,Garnerberg,0,United States Virgin Islands,13-05-2016 14:12,0
56,47.74,33,22456.04,154.93,Open-source 5thgeneration leverage,Henryland,1,Saint Lucia,14-05-2016 14:49,1
57,84.76,30,61039.13,178.69,Monitored 24/7 moratorium,South Pamela,0,Venezuela,14-05-2016 23:08,0
58,54.88,24,32006.82,148.61,Customizable modular Internet solution,West Pamela,0,Northern Mariana Islands,15-05-2016 01:03,1
59,77.89,26,64188.5,201.54,Switchable multi-state success,West Sharon,0,Singapore,15-05-2016 03:10,0
60,79.44,26,60845.55,206.79,Public-key zero-defect analyzer,West Thomas,0,Greece,15-05-2016 13:18,0
61,73.46,28,65653.47,222.75,Innovative executive encoding,West Joseph,1,Nicaragua,15-05-2016 14:41,0
62,46.84,45,34903.67,123.22,Virtual homogeneous budgetary management,Jonesshire,0,Macao,15-05-2016 18:44,1
63,83.47,39,64447.77,226.11,Total directional approach,New Brandy,0,Turkey,15-05-2016 20:48,0
64,34.3,41,53167.68,160.74,Re-contextualized reciprocal interface,West Melaniefurt,1,Libyan Arab Jamahiriya,16-05-2016 14:50,1
65,50.48,500,20592.99,162.43,Switchable real-time product,Dianaville,0,Malawi,16-05-2016 18:51,1
66,70.13,31,70889.68,224.98,Profit-focused systemic support,Johnsonfort,0,Croatia,16-05-2016 23:21,0
67,79.57,31,61227.59,230.93,User-friendly asymmetric info-mediaries,Lisaberg,0,Egypt,17-05-2016 04:27,0
68,71.86,32,51633.34,116.53,Face-to-face even-keeled website,Kentmouth,0,Senegal,17-05-2016 06:14,1
69,77.05,34,65756.36,236.08,Centralized value-added hierarchy,Villanuevastad,0,Namibia,17-05-2016 18:06,0
70,81.05,34,54045.39,245.5,Configurable asynchronous application,Adamsstad,0,Malaysia,18-05-2016 00:07,0
71,87.14,31,58235.21,199.4,Up-sized bifurcated capability,Wadestad,1,Timor-Leste,18-05-2016 01:00,0
72,49.84,38,67781.31,135.24,Phased hybrid superstructure,Jenniferhaven,1,United Arab Emirates,18-05-2016 03:19,1
73,79.83,29,55764.43,234.23,Innovative regional groupware,North Frankstad,1,Sudan,18-05-2016 19:33,0
74,77.56,38,63336.85,130.83,Right-sized multi-tasking solution,Port Angelamouth,1,Uganda,19-05-2016 03:52,1
75,45.48,49,53336.76,129.16,Networked client-server solution,Blairborough,1,Lao People's Democratic Republic,19-05-2016 04:23,1
76,52.67,44,14775.5,191.26,Persevering 5thgeneration knowledge user,New Hollyberg,0,Jersey,19-05-2016 06:37,1
77,81.51,41,53412.32,250.03,Future-proofed modular utilization,Kingshire,0,Guinea,19-05-2016 09:30,0
78,72.19,33,61275.18,250.35,Synchronized national infrastructure,Curtisview,1,Saint Lucia,19-05-2016 11:16,0
79,59.99,23,59761.56,226.74,Sharable client-driven software,Jamieberg,1,Norway,19-05-2016 14:30,0
80,62.18,33,65899.68,126.44,Reactive impactful challenge,West Leahton,0,Hungary,20-05-2016 00:00,1
81,41.49,52,32635.7,164.83,Mandatory disintermediate utilization,South John,0,Burundi,20-05-2016 08:49,1
82,69.96,31,73413.87,214.06,Realigned tangible collaboration,New Kayla,1,Netherlands,20-05-2016 12:17,0
83,79.72,28,66025.11,193.8,Configurable tertiary budgetary management,Wrightburgh,1,Albania,20-05-2016 12:17,0
84,82.73,33,54541.56,238.99,Grass-roots impactful system engine,Cranemouth,1,Qatar,20-05-2016 21:31,0
85,47.51,51,53700.57,130.41,Managed well-modulated collaboration,Bethburgh,1,American Samoa,21-05-2016 01:36,1
86,69.97,28,55041.6,250,Mandatory 3rdgeneration moderator,Cynthiaside,0,Holy See (Vatican City State),22-05-2016 00:01,0
87,73.27,28,67301.39,216.24,Front-line multi-state hub,West Angela,1,Luxembourg,22-05-2016 15:17,0
88,70.03,26,64264.25,227.72,Versatile 4thgeneration system engine,Bradleyborough,1,Samoa,22-05-2016 20:49,0
89,83.4,34,66691.23,207.87,Polarized multimedia system engine,West Daleborough,0,Azerbaijan,22-05-2016 21:54,0
90,41.53,42,67575.12,158.81,Optional tangible productivity,South Jeanneport,0,Mayotte,23-05-2016 00:32,1
91,85.86,34,63115.34,208.23,Networked high-level structure,New Jeffreychester,0,Bouvet Island (Bouvetoya),23-05-2016 02:15,0
92,41.46,500,52177.4,128.98,Integrated impactful groupware,Robertstown,1,Malta,23-05-2016 08:06,1
93,80.09,31,66636.84,214.08,Pre-emptive systematic budgetary management,Port Christinemouth,0,Sweden,23-05-2016 21:00,0
94,74.32,33,62060.11,128.17,Monitored real-time superstructure,North Kevinside,0,South Africa,23-05-2016 21:14,1
95,38.65,31,51812.71,154.77,Total even-keeled architecture,Port Jason,1,Iceland,24-05-2016 09:50,1
96,80.64,26,46974.15,221.59,Vision-oriented real-time framework,North Laurenview,0,Luxembourg,24-05-2016 10:04,0
97,82.69,29,61161.29,167.41,Fully-configurable eco-centric frame,Rachelhaven,1,Georgia,24-05-2016 10:16,0
98,62.95,60,36752.24,157.04,Polarized tangible collaboration,Youngfort,0,Peru,24-05-2016 13:30,1
99,71.4,30,72188.9,166.31,Integrated 3rdgeneration monitoring,Beckton,0,Japan,24-05-2016 17:07,0
100,67.76,31,66176.97,242.59,Programmable high-level benchmark,Anthonyfurt,0,Cameroon,24-05-2016 17:42,0
101,69.78,29,70410.11,218.79,Multi-layered non-volatile Graphical User Interface,Wilsonburgh,0,Saudi Arabia,24-05-2016 18:35,0
102,56.89,37,37334.78,109.29,Open-source coherent policy,Nelsonfurt,1,Wallis and Futuna,25-05-2016 00:19,1
103,44.16,42,61690.93,133.42,Innovative interactive portal,Port Dennis,1,Spain,25-05-2016 00:34,1
104,51.65,31,58996.56,249.99,Virtual context-sensitive support,Mclaughlinbury,0,Ireland,25-05-2016 10:39,0
105,43.63,38,61757.12,135.25,Quality-focused maximized extranet,Frankport,1,Korea,25-05-2016 19:45,1
106,37.87,52,56394.82,188.56,Phased analyzing emulation,Robertsonburgh,1,Gambia,25-05-2016 20:10,1
107,53.22,44,44307.18,108.85,Horizontal client-server database,Port Aprilville,0,United States Virgin Islands,26-05-2016 06:03,1
108,45.7,33,67384.31,151.12,Self-enabling multimedia system engine,New Williammouth,1,Switzerland,26-05-2016 10:33,1
109,71.76,35,69285.69,237.39,Customizable zero-defect matrix,South Tomside,0,Saint Pierre and Miquelon,26-05-2016 13:18,0
110,76.76,25,50468.36,230.77,Secured uniform instruction set,Kylieview,1,Niue,26-05-2016 13:28,0
111,43.59,36,58849.77,132.31,Re-engineered context-sensitive knowledge user,Lake Susan,1,Congo,26-05-2016 13:43,1
112,62.26,37,77988.71,166.19,Vision-oriented uniform knowledgebase,West Robertside,0,Malawi,26-05-2016 15:40,0
113,77.6,24,58151.87,197.33,Open-architected system-worthy task-force,Greghaven,1,Anguilla,26-05-2016 15:40,0
114,41.82,41,24852.9,156.36,Phased transitional instruction set,Brendachester,0,Iran,26-05-2016 22:49,1
115,64.38,19,52530.1,180.47,Configurable dynamic secured line,West Alice,1,Gabon,27-05-2016 05:23,0
116,41.7,39,42898.21,126.95,Innovative regional structure,Jensenton,0,China,27-05-2016 05:35,1
117,67.26,57,25682.65,168.41,Focused incremental Graphic Interface,North Derekville,1,Bulgaria,27-05-2016 05:54,1
118,86.69,34,62238.58,198.56,Customer-focused attitude-oriented instruction set,South Jennifer,0,Chad,27-05-2016 06:19,0
119,61.76,34,33553.9,114.69,Open-source local approach,Edwardsport,0,Jamaica,27-05-2016 08:53,1
120,37.74,40,65773.49,190.95,Balanced uniform algorithm,Lake James,0,Denmark,27-05-2016 12:45,1
121,78.74,28,64828,204.79,Public-key foreground groupware,Port Danielleberg,1,Monaco,27-05-2016 15:25,0
122,59.52,44,67511.86,251.08,Managed 5thgeneration time-frame,Amandaland,1,Bolivia,27-05-2016 18:45,0
123,83.89,28,60188.38,180.88,Ameliorated intermediate Graphical User Interface,Mariemouth,1,Hong Kong,28-05-2016 12:20,0
124,48.09,33,19345.36,180.42,Balanced motivating help-desk,West Travismouth,0,Heard Island and McDonald Islands,28-05-2016 12:38,1
125,78.54,35,72524.86,172.1,Multi-channeled asynchronous open system,Port Jodi,0,Togo,28-05-2016 20:41,0
126,84.71,32,61610.05,210.23,Reactive responsive emulation,Greenechester,0,Taiwan,29-05-2016 07:29,0
127,75.03,34,35764.49,255.57,Networked local secured line,East Mike,0,Uruguay,29-05-2016 18:12,1
128,76.87,27,54774.77,235.35,Configurable fault-tolerant monitoring,Mcdonaldfort,1,Kyrgyz Republic,29-05-2016 21:17,0
129,75.65,39,64021.55,247.9,Organized upward-trending contingency,Brianabury,1,Bahrain,30-05-2016 02:34,0
130,55.2,500,76560.59,159.46,Exclusive zero tolerance alliance,Jordantown,1,United States of America,30-05-2016 07:36,1
131,61.88,45,38260.89,108.18,Balanced disintermediate conglomeration,North Debrashire,0,Afghanistan,30-05-2016 08:02,1
132,68.25,33,76480.16,198.86,Organic well-modulated database,New Jamestown,1,Vanuatu,30-05-2016 08:02,0
133,79.89,30,50356.06,241.38,Synergized uniform hierarchy,Angelhaven,1,United States of America,30-05-2016 08:35,0
134,38.1,34,60641.09,214.38,Optional secondary access,North Aaronchester,1,Philippines,30-05-2016 18:08,1
135,46.04,32,65499.93,147.92,Universal transitional Graphical User Interface,Andrewborough,0,Serbia,30-05-2016 20:07,1
136,62.79,36,18368.57,231.87,Total coherent archive,New James,1,Luxembourg,30-05-2016 20:08,1
137,81.45,31,66027.31,205.84,Triple-buffered human-resource complexity,Randyshire,1,Mali,30-05-2016 21:22,0
138,82.49,45,38645.4,130.84,Assimilated multi-state paradigm,Williamsfort,0,Dominican Republic,31-05-2016 00:58,1
139,74.87,52,43698.53,126.97,Public-key non-volatile implementation,Charlenetown,0,Saint Barthelemy,31-05-2016 02:17,1
140,36.44,39,52400.88,147.64,Configurable disintermediate throughput,Port Patrickton,1,Estonia,31-05-2016 06:21,1
141,54.43,37,75180.2,154.74,Balanced contextually-based pricing structure,Williamsmouth,1,Luxembourg,31-05-2016 09:06,1
142,79.81,24,56194.56,178.85,Proactive context-sensitive project,North Daniel,1,Antigua and Barbuda,31-05-2016 11:44,1
143,40.88,33,48554.45,136.18,Networked non-volatile synergy,West Shannon,1,Costa Rica,31-05-2016 17:50,1
144,55.92,24,33951.63,145.08,Focused systemic benchmark,Taylorhaven,0,Fiji,31-05-2016 21:41,1
145,66.03,22,59422.47,217.37,Pre-emptive next generation strategy,Ashleymouth,0,American Samoa,31-05-2016 23:32,0
146,76.24,40,75524.78,198.32,Managed impactful definition,Bakerhaven,1,Burkina Faso,31-05-2016 23:42,0
147,69.77,54,57667.99,132.27,Face-to-face dedicated flexibility,Port Sherrystad,0,Malta,01-06-2016 03:17,1
148,65.1,49,59457.52,118.1,Up-sized real-time methodology,West Kevinfurt,1,Bulgaria,01-06-2016 03:44,1
149,63.6,23,51864.77,235.28,Centralized logistical secured line,Youngburgh,1,Serbia,01-06-2016 09:27,0
150,39.53,33,40243.82,142.21,Intuitive transitional artificial intelligence,New Teresa,1,Central African Republic,01-06-2016 12:27,1
151,34.96,42,36913.51,160.49,Right-sized mobile initiative,West James,1,Macedonia,01-06-2016 16:10,1
152,54.08,36,53012.94,111.02,Innovative cohesive pricing structure,Philipberg,1,Mayotte,02-06-2016 04:14,1
153,77.95,31,62572.88,233.65,Inverse asymmetric instruction set,Port Mathew,1,Bahamas,02-06-2016 21:02,0
154,48.03,40,25598.75,134.6,Networked stable array,East Lindsey,1,Malta,02-06-2016 22:16,1
155,45.96,45,66281.46,141.22,Streamlined cohesive conglomeration,Robertfurt,0,Christmas Island,03-06-2016 00:55,1
156,69.57,48,51636.92,113.12,Centralized content-based focus group,West Katiefurt,1,Egypt,03-06-2016 01:14,1
157,68.37,35,73889.99,225.58,Robust logistical utilization,South Manuel,0,Iceland,03-06-2016 03:36,0
158,78.41,33,55368.67,248.23,Multi-lateral 24/7 Internet solution,Harmonhaven,1,Mozambique,03-06-2016 04:51,0
159,65.65,25,63879.72,224.92,Intuitive explicit firmware,Sandraville,1,Cook Islands,03-06-2016 06:34,0
160,81.17,30,57195.96,231.91,Optimized static archive,Dayton,1,United States Minor Outlying Islands,03-06-2016 07:00,0
161,83.49,33,66574,190.75,Polarized logistical hub,Samuelborough,1,Cambodia,03-06-2016 17:32,0
162,45.01,26,29875.8,178.35,Virtual 5thgeneration emulation,Ronniemouth,0,Brazil,03-06-2016 21:43,1
163,80.46,29,56909.3,230.78,Mandatory coherent groupware,Carterton,0,India,04-06-2016 09:13,0
164,81.98,34,67432.49,212.88,Up-sized maximized model,Patrickmouth,0,Saint Martin,04-06-2016 09:25,0
165,43.88,54,31523.09,166.85,Enhanced methodical database,Dustinmouth,1,Somalia,04-06-2016 17:24,1
166,66.4,40,77567.85,214.42,Digitized heuristic solution,Port Destiny,0,Antigua and Barbuda,05-06-2016 00:29,0
167,52.35,25,33293.78,147.61,Mandatory 4thgeneration structure,Jessicashire,1,Mali,05-06-2016 07:54,1
168,85.56,29,53673.08,210.46,Advanced modular Local Area Network,South Denisefurt,0,Samoa,05-06-2016 13:16,0
169,58.6,19,44490.09,197.93,Configurable impactful firmware,West Mariafort,1,Lebanon,05-06-2016 21:38,0
170,35.33,32,51510.18,200.22,Organized client-driven alliance,Bradleyburgh,0,Turks and Caicos Islands,05-06-2016 22:11,1
171,70.44,24,65280.16,178.75,Polarized attitude-oriented superstructure,New Sonialand,1,Algeria,06-06-2016 21:26,0
172,60.7,43,79332.33,192.6,Multi-tiered multi-state moderator,Mataberg,1,Palau,06-06-2016 22:41,0
173,76.24,27,63976.44,214.42,Monitored dynamic instruction set,Munozberg,0,Puerto Rico,07-06-2016 01:29,0
174,81.75,43,52520.75,249.45,Progressive 24/7 definition,Lake Jose,0,Barbados,07-06-2016 05:41,0
175,57.11,22,59677.64,207.17,Self-enabling tertiary challenge,Lake Jonathanview,1,Dominican Republic,07-06-2016 23:46,0
176,62.26,26,70203.74,202.77,Public-key mission-critical core,New Jasmine,0,Swaziland,08-06-2016 12:25,0
177,85.4,43,67058.72,198.72,Triple-buffered demand-driven alliance,Johnport,0,Sri Lanka,08-06-2016 18:54,0
178,83.55,39,65816.38,221.18,Switchable well-modulated infrastructure,Elizabethmouth,1,Myanmar,08-06-2016 20:13,0
179,60.91,19,53309.61,184.94,Upgradable directional system engine,Port Kathleenfort,0,Nauru,09-06-2016 14:24,1
180,59.13,44,49525.37,106.04,Upgradable heuristic system engine,South Lisa,1,Turkey,09-06-2016 17:11,1
181,78.18,23,52691.79,167.67,Customer-focused full-range neural-net,West Barbara,0,Bolivia,09-06-2016 19:32,0
182,85.84,32,62204.93,192.85,Up-sized 6thgeneration moratorium,Jonesland,1,French Southern Territories,09-06-2016 21:43,0
183,56.93,37,57887.64,111.8,Reactive demand-driven strategy,Bradleyside,0,Sierra Leone,10-06-2016 00:35,1
184,80.99,26,35521.88,207.53,Centralized clear-thinking Graphic Interface,Melissastad,1,Belarus,10-06-2016 03:56,0
185,77.44,28,65620.25,210.39,Front-line incremental access,Lake Jacob,0,Gabon,10-06-2016 04:21,0
186,79.52,27,64287.78,183.48,Automated coherent flexibility,East Timothyport,1,Timor-Leste,10-06-2016 10:11,0
187,66.49,20,56884.74,202.16,Polarized 6thgeneration info-mediaries,Bradshawborough,0,Guernsey,10-06-2016 11:31,0
188,72.18,30,69438.04,225.02,De-engineered attitude-oriented projection,Lisamouth,0,Bolivia,10-06-2016 22:21,0
189,81.9,41,66773.83,225.47,Multi-channeled 3rdgeneration model,Garciatown,0,Mauritius,11-06-2016 06:47,0
190,40.06,38,56782.18,138.68,Organized contextually-based customer loyalty,Olsonstad,1,Peru,11-06-2016 08:38,1
191,43.01,35,48347.64,127.37,Organized 24/7 middleware,Butlerfort,0,United States of America,11-06-2016 09:37,1
192,88.97,45,49269.98,152.49,Advanced web-enabled standardization,Lake Jessica,0,Bhutan,11-06-2016 18:32,1
193,64.63,45,15598.29,158.8,Triple-buffered high-level Internet solution,Isaacborough,1,Azerbaijan,12-06-2016 03:11,1
194,76.7,36,71136.49,222.25,Open-source coherent monitoring,West Russell,0,Ecuador,12-06-2016 05:31,0
195,53.92,41,25739.09,125.46,Business-focused transitional solution,Lake Amanda,1,Turkey,12-06-2016 11:17,1
196,57.76,41,47861.93,105.15,Triple-buffered scalable groupware,Lake Dustin,0,Puerto Rico,12-06-2016 15:25,1
197,34.87,40,59621.02,200.23,Configurable logistical Graphical User Interface,Davilachester,0,Czech Republic,12-06-2016 17:52,1
198,58.35,37,70232.95,132.63,Universal asymmetric workforce,Rivasland,0,Macao,12-06-2016 21:21,1
199,39.87,48,47929.83,139.34,Business-focused user-facing benchmark,South Rebecca,1,Mexico,13-06-2016 06:11,1
200,74.71,46,37908.29,258.06,Proactive local focus group,Port Eugeneport,1,Czech Republic,13-06-2016 11:06,0
201,54.92,54,23975.35,161.16,Extended interactive model,Roberttown,0,Saint Pierre and Miquelon,13-06-2016 13:59,1
202,41.39,41,68962.32,167.22,Exclusive neutral parallelism,Harperborough,0,Tokelau,13-06-2016 17:27,1
203,41.67,36,53817.02,132.55,Realigned zero tolerance emulation,Port Eric,0,Saint Martin,13-06-2016 18:50,1
204,71.05,20,49544.41,204.22,Self-enabling asynchronous knowledge user,Jenniferstad,1,Eritrea,13-06-2016 22:41,0
205,82.07,24,50337.93,193.97,Monitored local Internet solution,Richardsonmouth,0,Sri Lanka,14-06-2016 07:02,0
206,55.6,44,65953.76,124.38,Fully-configurable neutral open system,New Debbiestad,1,Korea,14-06-2016 11:59,1
207,43.49,45,47968.32,124.67,Synchronized full-range portal,Smithside,0,Vietnam,14-06-2016 12:08,1
208,87.85,31,52178.98,210.27,Compatible scalable emulation,New Patriciashire,1,French Polynesia,14-06-2016 19:48,0
209,85.84,34,64654.66,192.93,Front-line heuristic data-warehouse,Lake Annashire,1,Saint Vincent and the Grenadines,15-06-2016 05:30,0
210,55.04,42,43881.73,106.96,Quality-focused optimizing parallelism,Hernandezside,1,Czech Republic,15-06-2016 05:43,1
211,66.99,47,27262.51,124.44,Operative actuating installation,Lopezberg,1,Tanzania,15-06-2016 11:56,1
212,59.51,58,39132.64,140.83,Assimilated fault-tolerant hub,Penatown,0,Australia,16-06-2016 02:01,1
213,83.97,28,56986.73,205.5,Reactive needs-based instruction set,Garychester,1,Haiti,16-06-2016 02:33,0
214,87.46,37,61009.1,211.56,Synergized grid-enabled framework,Millerview,1,Heard Island and McDonald Islands,16-06-2016 03:17,0
215,75.19,31,33502.57,245.76,Implemented discrete frame,Johnstonshire,1,Tajikistan,16-06-2016 18:04,0
216,38.35,33,47447.89,145.48,Horizontal global leverage,Port Christopher,1,Christmas Island,16-06-2016 20:24,1
217,79.91,32,62772.42,230.18,Total zero administration software,South Stephanieport,1,United Arab Emirates,17-06-2016 03:02,0
218,85.24,31,61840.26,182.84,Optional contextually-based flexibility,Harrisonmouth,1,Burkina Faso,17-06-2016 03:23,0
219,74.06,50,60938.73,246.29,Horizontal intermediate monitoring,Port Jacquelinestad,1,Anguilla,17-06-2016 09:38,0
220,69.2,42,26023.99,123.8,Balanced value-added database,Meyersstad,0,Peru,17-06-2016 09:58,1
221,51.38,59,42362.49,158.56,Object-based modular functionalities,East Anthony,0,Afghanistan,17-06-2016 17:11,1
222,77.31,32,62792.43,238.1,Assimilated homogeneous service-desk,North Garyhaven,0,Nepal,17-06-2016 20:18,0
223,70.9,28,71727.51,190.95,Centralized client-driven workforce,Port Juan,0,Kyrgyz Republic,17-06-2016 23:19,0
224,76.27,27,60082.66,226.69,Total coherent superstructure,Laurieside,1,United Arab Emirates,18-06-2016 01:42,0
225,76.59,29,67526.92,211.64,Reverse-engineered maximized focus group,Calebberg,0,Georgia,18-06-2016 05:17,0
226,35,40,46033.73,151.25,Fully-configurable context-sensitive Graphic Interface,South Walter,1,Mongolia,18-06-2016 16:02,1
227,35.34,45,46693.76,152.86,De-engineered actuating hierarchy,East Brittanyville,0,Taiwan,18-06-2016 16:32,1
228,73.84,31,42042.95,121.05,Programmable uniform productivity,South Jasminebury,0,Albania,18-06-2016 17:23,1
229,34.86,38,49942.66,154.75,Pre-emptive cohesive budgetary management,West Justin,0,Bahrain,18-06-2016 17:56,1
230,78.74,27,51409.45,234.75,Quality-focused zero tolerance matrices,West Zacharyborough,0,Ukraine,18-06-2016 19:10,0
231,48.26,50,43573.66,122.45,User-centric intermediate knowledge user,South Margaret,1,Liechtenstein,18-06-2016 22:31,1
232,60.7,49,42993.48,110.57,Monitored object-oriented Graphic Interface,Port Julie,1,Argentina,19-06-2016 03:19,1
233,85.03,30,60372.64,204.52,Expanded clear-thinking core,North Shannon,0,Philippines,19-06-2016 09:24,0
234,75.15,33,71296.67,219.49,Synchronized zero tolerance product,Smithtown,1,France,19-06-2016 18:19,0
235,77.66,29,67080.94,168.15,Operative scalable emulation,Reyesland,0,Gabon,19-06-2016 22:08,0
236,73.04,37,73687.5,221.79,Organic contextually-based focus group,Erinmouth,1,Senegal,19-06-2016 22:26,0
237,56.78,28,39939.39,124.32,Mandatory empowering focus group,Melanieton,0,Senegal,19-06-2016 23:04,1
238,76.21,31,65834.97,228.94,Ameliorated exuding encryption,Lake Timothy,1,Bolivia,19-06-2016 23:21,0
239,65.53,19,51049.47,190.17,Pre-emptive client-server installation,Coffeytown,1,Timor-Leste,20-06-2016 02:25,0
240,50.18,35,63006.14,127.82,Customizable hybrid system engine,Sandrashire,1,Grenada,20-06-2016 04:24,1
241,82.07,25,46722.07,205.38,Function-based optimizing extranet,Lauraburgh,1,Panama,20-06-2016 06:30,0
242,54.35,42,76984.21,164.02,Proactive interactive service-desk,Lake Hailey,0,Sweden,20-06-2016 08:22,0
243,58.95,55,56242.7,131.29,Proactive actuating Graphical User Interface,East Maureen,1,Slovenia,20-06-2016 08:34,1
244,82.68,33,62669.59,222.77,Re-engineered exuding frame,West Courtney,1,Ukraine,20-06-2016 09:35,0
245,42.05,51,28357.27,174.55,Configurable 24/7 hub,West Eduardotown,1,Canada,20-06-2016 14:20,1
246,71.14,30,69758.31,224.82,Assimilated stable encryption,Newmanberg,0,France,21-06-2016 00:52,0
247,66.01,23,34127.21,151.95,Front-line tangible alliance,Hansenmouth,0,Samoa,21-06-2016 03:14,1
248,62.33,43,68787.09,127.11,Devolved zero administration intranet,Suzannetown,0,South Africa,21-06-2016 13:15,1
249,77.69,22,48852.58,169.88,Horizontal heuristic support,Morganfort,1,Angola,21-06-2016 14:32,0
250,47.23,38,70582.55,149.8,Implemented context-sensitive Local Area Network,Blevinstown,1,Tokelau,22-06-2016 05:22,1
251,76.99,31,56729.78,244.34,Switchable mobile framework,West Angelabury,1,Jersey,22-06-2016 07:33,0
252,77.75,31,59047.91,240.64,Multi-lateral motivating circuit,Coxhaven,1,Paraguay,22-06-2016 17:19,0
253,76.32,35,74166.24,195.31,Networked foreground definition,East Michaeltown,1,Korea,23-06-2016 00:16,0
254,63.36,48,70053.27,137.43,Centralized tertiary pricing structure,East Eric,0,Guinea,23-06-2016 01:22,1
255,53.54,39,47314.45,108.03,Optimized systemic capability,Julietown,0,Palau,23-06-2016 11:05,1
256,80.71,26,58476.57,200.58,Team-oriented context-sensitive installation,East Christopherbury,0,Cameroon,24-06-2016 05:50,0
257,38.35,41,34886.01,144.69,Synergistic reciprocal attitude,Loriville,1,Vanuatu,24-06-2016 08:42,1
258,78.36,24,58920.44,196.77,Multi-tiered foreground Graphic Interface,Kristineberg,1,Kyrgyz Republic,24-06-2016 21:09,0
259,68.47,28,67033.34,226.64,Focused coherent success,North Kennethside,0,Poland,25-06-2016 00:33,0
260,40.18,29,50760.23,151.96,Enhanced intangible portal,Lake Tracy,0,Hong Kong,25-06-2016 04:21,1
261,43.57,36,50971.73,125.2,Front-line upward-trending groupware,Lake Joshuafurt,1,French Polynesia,25-06-2016 17:33,1
262,54.37,38,72196.29,140.77,Up-sized asymmetric firmware,Lake Matthew,0,Mexico,25-06-2016 18:17,1
263,84.29,30,56984.09,160.33,Team-oriented transitional methodology,Lake Johnbury,1,Cayman Islands,26-06-2016 02:06,1
264,45.62,43,53647.81,121.28,Monitored homogeneous artificial intelligence,Robertfurt,0,Macao,26-06-2016 02:34,1
265,79.53,51,46132.18,244.91,Managed 6thgeneration hierarchy,Reyesfurt,0,Barbados,26-06-2016 04:22,0
266,70.96,31,55187.85,256.4,Ameliorated user-facing help-desk,South Denise,0,Saint Pierre and Miquelon,26-06-2016 07:01,0
267,78.32,28,49309.14,239.52,Synergized cohesive array,Jamesfurt,0,Australia,26-06-2016 11:52,1
268,39.86,36,32593.59,145.85,Total 5thgeneration standardization,Josephstad,0,Algeria,26-06-2016 17:16,1
269,73.89,35,70495.64,229.99,Multi-channeled asymmetric installation,Dustinborough,1,Somalia,26-06-2016 17:25,0
270,36.73,34,46737.34,149.79,Multi-lateral attitude-oriented adapter,South Henry,1,Albania,27-06-2016 01:56,1
271,40.15,38,38745.29,134.88,Exclusive disintermediate task-force,Joechester,1,Sao Tome and Principe,27-06-2016 18:37,1
272,35.98,45,43241.88,150.79,Front-line fresh-thinking installation,Huffmanchester,0,Ethiopia,27-06-2016 21:51,1
273,43.84,36,70592.81,167.42,Public-key real-time definition,Port Jessica,0,Australia,28-06-2016 09:19,1
274,51.68,49,51067.54,258.62,Seamless cohesive conglomeration,Katieport,0,Faroe Islands,28-06-2016 12:51,1
275,82.87,37,67938.77,213.36,Front-line fresh-thinking open system,West Brenda,0,Tonga,28-06-2016 20:13,0
276,86.53,46,46500.11,233.36,Networked responsive application,Colemanshire,0,Greece,29-06-2016 01:19,0
277,49.78,46,71718.51,152.24,Enterprise-wide client-driven contingency,Heatherberg,0,Dominica,29-06-2016 02:43,1
278,42.06,34,43241.19,131.55,Multi-layered secondary software,Jamesmouth,0,Puerto Rico,29-06-2016 02:48,1
279,82.4,36,66744.65,218.97,Implemented bifurcated workforce,Lake Patrick,1,Macedonia,29-06-2016 03:07,0
280,82.37,30,63664.32,207.44,Open-architected system-worthy ability,Estradafurt,0,Tonga,29-06-2016 04:23,0
281,78.84,26,56593.8,217.66,Persistent even-keeled application,Shawnside,1,Italy,29-06-2016 07:20,0
282,58.03,31,28387.42,129.33,User-friendly bandwidth-monitored attitude,South Jade,0,Tuvalu,29-06-2016 09:04,1
283,52.84,51,38641.2,121.57,Synergistic asynchronous superstructure,Melissachester,1,Bosnia and Herzegovina,29-06-2016 10:50,1
284,60.25,35,54875.95,109.77,De-engineered fault-tolerant database,Charlottefort,0,Papua New Guinea,29-06-2016 13:35,1
285,57.24,52,46473.14,117.35,Profound optimizing utilization,Richardsonland,1,Latvia,29-06-2016 21:39,1
286,47.48,31,29359.2,141.34,Reverse-engineered 24hour hardware,Yuton,0,Eritrea,30-06-2016 00:19,1
287,80.29,31,49457.48,244.87,Ameliorated contextually-based collaboration,Teresahaven,1,Netherlands Antilles,30-06-2016 00:40,0
288,44.4,53,43073.78,140.95,Phased zero-defect portal,Mariahview,1,France,30-06-2016 00:43,1
289,59.36,49,46931.03,110.84,Universal multi-state system engine,Amandafort,0,Belarus,01-07-2016 01:12,1
290,77.51,36,73600.28,200.55,Total 5thgeneration encoding,North Kristine,0,Central African Republic,01-07-2016 04:41,0
291,77.88,37,55353.41,254.57,Multi-tiered human-resource structure,Melissafurt,0,Poland,02-07-2016 00:24,0
292,79.71,34,69456.83,211.65,Seamless holistic time-frame,Benjaminchester,1,Bangladesh,02-07-2016 14:57,0
293,67.64,35,51473.28,267.01,Programmable asymmetric data-warehouse,Phelpschester,1,Peru,02-07-2016 20:23,0
294,65.65,30,72209.99,158.05,Up-sized tertiary contingency,Ramosstad,0,Finland,02-07-2016 21:22,0
295,36.08,45,41417.27,151.47,Automated client-driven orchestration,Davidside,1,United States Minor Outlying Islands,03-07-2016 04:11,1
296,63.24,53,65229.13,235.78,Future-proofed holistic superstructure,Michelleside,1,Lebanon,03-07-2016 04:33,1
297,41.49,53,31947.65,169.18,Persevering reciprocal firmware,Hernandezville,0,Western Sahara,03-07-2016 09:22,1
298,76.81,28,65172.22,217.85,Managed zero tolerance concept,East Paul,1,Fiji,03-07-2016 12:57,0
299,53.14,38,49111.47,109,Automated web-enabled migration,West Julia,1,Greenland,03-07-2016 22:13,1
300,81.59,35,65826.53,223.16,Managed disintermediate capability,North Lisachester,0,Holy See (Vatican City State),04-07-2016 11:03,0
301,84.81,32,43299.63,233.93,Multi-layered stable encoding,Brownbury,1,Greece,04-07-2016 23:17,0
302,41.18,43,41866.55,129.25,Enterprise-wide incremental Internet solution,New Denisebury,1,Myanmar,05-07-2016 00:54,1
303,80.22,30,61806.31,224.58,Integrated motivating neural-net,New Tyler,0,Kyrgyz Republic,05-07-2016 15:14,0
304,72.23,25,46557.92,241.03,Focused 24hour implementation,Marcushaven,1,Bhutan,05-07-2016 17:17,0
305,56.01,26,46339.25,127.26,Re-engineered real-time success,Garciamouth,0,Tonga,05-07-2016 18:59,1
306,74.63,26,51975.41,235.99,Enhanced asymmetric installation,New Traceystad,1,Dominican Republic,05-07-2016 20:16,0
307,72.03,34,70783.94,230.95,Up-sized bi-directional infrastructure,Greerton,1,Malta,05-07-2016 22:33,0
308,43.16,35,25371.52,156.11,Implemented didactic support,Williamsport,1,Marshall Islands,06-07-2016 03:40,1
309,83.53,36,67686.16,204.56,Customizable methodical Graphical User Interface,New Dawnland,0,Honduras,06-07-2016 05:34,0
310,68.58,41,13996.5,171.54,Exclusive discrete firmware,New Williamville,1,El Salvador,06-07-2016 12:04,1
311,41.47,31,60953.93,219.79,Secured scalable Graphical User Interface,Port Brookeland,0,Martinique,06-07-2016 15:56,1
312,67.36,37,73104.47,233.56,Future-proofed grid-enabled implementation,North Wesleychester,0,Jersey,06-07-2016 16:00,0
313,59.59,42,43662.1,104.78,Re-engineered demand-driven capacity,Samanthaland,1,Brazil,06-07-2016 18:36,1
314,39.47,43,65576.05,163.48,Team-oriented systematic installation,Crawfordfurt,1,Uganda,06-07-2016 23:09,1
315,91.43,39,46964.11,209.91,Organic motivating model,West Carmenfurt,1,French Polynesia,07-07-2016 03:55,0
316,54.97,31,51900.03,116.38,Virtual bifurcated portal,Robinsontown,1,France,07-07-2016 12:17,1
317,69.01,46,74543.81,222.63,Advanced full-range migration,New Michaeltown,0,Turks and Caicos Islands,07-07-2016 13:37,0
318,49.42,53,45465.25,128,Ameliorated well-modulated complexity,Jacquelineshire,1,Congo,07-07-2016 18:07,1
319,84.69,31,46160.63,231.85,Right-sized transitional parallelism,Emilyfurt,1,Maldives,07-07-2016 23:32,0
320,81.1,29,61172.07,216.49,Front-line dynamic model,Port Stacy,1,El Salvador,08-07-2016 03:47,0
321,57.86,30,18819.34,166.86,Horizontal modular success,Estesfurt,0,Algeria,08-07-2016 17:14,1
322,72.84,26,52968.22,238.63,Progressive empowering alliance,Wongland,0,Albania,08-07-2016 21:18,0
323,76.87,36,72948.76,212.59,Down-sized bandwidth-monitored core,Mullenside,0,South Georgia and the South Sandwich Islands,08-07-2016 22:30,0
324,44.78,45,63363.04,137.24,Extended context-sensitive monitoring,West Casey,1,Suriname,09-07-2016 11:04,1
325,66.77,25,58847.07,141.13,Cross-platform zero-defect structure,Johnstonmouth,0,Iran,09-07-2016 11:18,1
326,89.91,40,59593.56,194.23,Innovative background conglomeration,Wallacechester,0,Maldives,09-07-2016 14:55,0
327,48.73,27,34191.23,142.04,Versatile content-based protocol,Monicaview,0,Bangladesh,09-07-2016 16:23,1
328,63.04,27,69784.85,159.05,Triple-buffered multi-state complexity,Davidstad,0,Netherlands Antilles,10-07-2016 16:25,1
329,85.73,32,43778.88,147.75,Stand-alone radical throughput,New Tammy,1,Saudi Arabia,10-07-2016 17:24,1
330,61.87,35,66629.61,250.2,Multi-channeled attitude-oriented toolset,North Johnside,1,French Southern Territories,10-07-2016 19:15,0
331,69.88,20,55642.32,183.82,Mandatory homogeneous architecture,Ramirezton,1,Ghana,11-07-2016 01:42,0
332,84.53,33,61922.06,215.18,Optional multi-state hardware,Douglasview,1,Norfolk Island,11-07-2016 09:32,0
333,66.8,29,59683.16,248.51,Diverse leadingedge website,Lake Brandonview,0,Hungary,11-07-2016 13:23,1
334,68.82,20,38609.2,205.64,Cross-platform client-server hierarchy,Ramirezland,1,Bolivia,11-07-2016 15:45,0
335,42.6,55,55121.65,168.29,Switchable analyzing encryption,Lake Ian,0,Cambodia,11-07-2016 18:12,1
336,70.39,32,47357.39,261.52,Phased 5thgeneration open system,Sabrinaview,1,Cayman Islands,12-07-2016 10:56,0
337,79.97,44,70449.04,216,Programmable empowering middleware,Mariebury,0,China,13-07-2016 01:48,0
338,84.45,50,29727.79,207.18,Customer-focused transitional strategy,Millerside,0,Somalia,13-07-2016 04:10,1
339,38.91,33,56369.74,150.8,Versatile reciprocal structure,Morrismouth,1,Philippines,13-07-2016 07:41,1
340,81.11,39,56216.57,248.19,Total cohesive moratorium,South Robert,1,Chad,13-07-2016 11:41,0
341,77.5,28,60997.84,225.34,Face-to-face responsive alliance,Kennedyfurt,1,Antarctica (the territory South of 60 deg S),13-07-2016 14:05,0
342,76.02,40,73174.19,219.55,Distributed leadingedge orchestration,Lesliefort,0,Malta,13-07-2016 14:30,0
343,72.6,55,66815.54,162.95,Focused intangible moderator,Port Christopherborough,0,United Arab Emirates,13-07-2016 16:12,1
344,81.56,26,51363.16,213.7,Open-source scalable protocol,Juanport,1,Zimbabwe,13-07-2016 21:31,0
345,34.66,32,48246.6,194.83,Customer-focused multi-tasking Internet solution,Curtisport,0,Mongolia,14-07-2016 12:07,1
346,65.15,29,41335.84,117.3,Expanded value-added emulation,Brandonbury,0,Hong Kong,14-07-2016 22:43,1
347,59.05,57,25583.29,169.23,Digitized global capability,North Richardburgh,1,Maldives,15-07-2016 05:05,1
348,38.94,41,57587,142.67,Optional mission-critical functionalities,Lewismouth,1,Falkland Islands (Malvinas),15-07-2016 09:08,1
349,68.68,34,77220.42,187.03,Sharable encompassing database,Lake Jenniferton,1,Equatorial Guinea,15-07-2016 09:42,0
350,60.23,60,46239.14,151.54,Seamless optimal contingency,Port Brenda,1,Saudi Arabia,15-07-2016 15:43,1
351,52.68,23,39616,149.2,Vision-oriented attitude-oriented Internet solution,West Richard,1,Turks and Caicos Islands,16-07-2016 05:56,1
352,52.84,43,28495.21,122.31,Multi-tiered mobile encoding,Hobbsbury,0,Senegal,16-07-2016 10:14,1
353,65.9,22,60550.66,211.39,De-engineered tertiary secured line,Hartport,0,Czech Republic,16-07-2016 14:13,0
354,56.99,40,37713.23,108.15,Sharable optimal capacity,Brownton,0,Bahamas,16-07-2016 23:08,1
355,72.23,48,52736.33,115.35,Integrated coherent pricing structure,Burgessside,0,Mexico,17-07-2016 01:13,1
356,70.68,31,74430.08,199.08,Configurable multi-state utilization,Robertbury,0,Colombia,17-07-2016 01:58,0
357,46.89,48,72553.94,176.78,Polarized mission-critical structure,Chaseshire,1,Turkey,17-07-2016 13:22,1
358,32.91,37,51691.55,181.02,Future-proofed fresh-thinking conglomeration,Elizabethstad,0,South Africa,17-07-2016 14:26,1
359,88.89,35,50439.49,218.8,Balanced 4thgeneration success,East Deborahhaven,1,Cook Islands,17-07-2016 18:55,0
360,79.82,26,51512.66,223.28,Function-based directional productivity,Jayville,1,Micronesia,17-07-2016 22:04,0
361,82.38,35,25603.93,159.6,Polarized analyzing intranet,Port Blake,0,Spain,18-07-2016 01:36,1
362,80.15,25,55195.61,214.49,Monitored intermediate circuit,West Wendyland,0,Greenland,18-07-2016 02:51,0
363,35.76,51,45522.44,195.07,Versatile optimizing projection,North Angelastad,0,Peru,18-07-2016 04:53,1
364,47.66,29,27086.4,156.54,Devolved responsive structure,Tinaton,0,Honduras,18-07-2016 11:33,1
365,67.69,37,76408.19,216.57,Monitored content-based implementation,Lake Jasonchester,0,Finland,18-07-2016 18:33,0
366,62.42,38,74445.18,143.94,Diverse executive groupware,West Tinashire,0,Saint Pierre and Miquelon,19-07-2016 07:59,1
367,51.95,52,58295.82,129.23,Monitored systematic hierarchy,South Cathyfurt,0,Greece,19-07-2016 08:32,1
368,89.21,33,44078.24,210.53,Fundamental clear-thinking knowledgebase,Lake Cynthia,0,Reunion,19-07-2016 12:05,0
369,71.74,35,72423.97,227.56,Multi-channeled reciprocal artificial intelligence,Hammondport,0,Kazakhstan,19-07-2016 18:06,0
370,79.67,28,58576.12,226.79,Total grid-enabled application,Charlesbury,0,Comoros,20-07-2016 01:56,0
371,84.04,38,50723.67,244.55,Self-enabling didactic pricing structure,West Alyssa,0,Malaysia,20-07-2016 09:27,0
372,78.6,46,41768.13,254.59,Enhanced systematic adapter,Lake Elizabethside,1,Micronesia,20-07-2016 13:21,0
373,85.78,34,50038.65,232.78,Persistent fault-tolerant service-desk,Valerieland,0,Swaziland,20-07-2016 21:53,0
374,71.55,36,75687.46,163.99,Inverse next generation moratorium,South Troy,1,Suriname,20-07-2016 23:08,0
375,72.53,37,73474.82,223.93,Synchronized grid-enabled moratorium,South Patrickfort,0,Papua New Guinea,21-07-2016 10:01,0
376,46.08,30,66784.81,164.63,Synergistic value-added extranet,Brownport,1,Finland,21-07-2016 10:54,1
377,38.96,38,36497.22,140.67,Versatile mission-critical application,Mauricefurt,1,Comoros,21-07-2016 16:02,1
378,70.92,39,66522.79,249.81,Up-sized intangible circuit,New Nathan,1,South Africa,21-07-2016 20:30,0
379,43.67,53,46004.31,143.79,Cloned analyzing artificial intelligence,South Tiffanyton,1,Bouvet Island (Bouvetoya),21-07-2016 21:16,1
380,80.59,37,67744.56,224.23,Robust responsive collaboration,Lake Courtney,0,Croatia,21-07-2016 23:14,0
381,40.47,38,24078.93,203.9,Sharable 5thgeneration access,Fraziershire,0,Burundi,22-07-2016 07:44,1
382,74.58,36,70701.31,230.52,Configurable mission-critical algorithm,East Carlos,0,Jamaica,22-07-2016 11:05,0
383,78.76,51,66980.27,162.05,Face-to-face modular budgetary management,South Davidhaven,0,Ghana,23-07-2016 04:04,1
384,74.41,26,64395.85,163.05,Right-sized value-added initiative,Dianashire,0,Singapore,23-07-2016 04:37,0
385,67.59,45,58677.69,113.69,User-centric solution-oriented emulation,Brittanyborough,0,Monaco,23-07-2016 05:21,1
386,74.06,23,40345.49,225.99,Phased content-based middleware,Port Davidland,0,Wallis and Futuna,23-07-2016 06:18,0
387,61.88,42,60223.52,112.19,Balanced actuating moderator,Phillipsbury,1,Martinique,23-07-2016 11:46,1
388,80.03,44,24030.06,150.84,Automated static concept,Christinetown,0,Afghanistan,23-07-2016 14:47,1
389,69.15,46,36424.94,112.72,Automated multi-state toolset,Richardsonshire,0,Cyprus,24-07-2016 00:22,1
