{
  "evaluation_parameters": {},
  "meta": {
    "active_batch_definition": {
      "batch_identifiers": {},
      "data_asset_name": "first_data.csv",
      "data_connector_name": "default_inferred_data_connector_name",
      "datasource_name": "first_data"
    },
    "batch_markers": {
      "ge_load_time": "20220928T083819.852030Z",
      "pandas_data_fingerprint": "07ecc047862b79412680dbca23ce05c1"
    },
    "batch_spec": {
      "path": "D:\\GreatExpectations\\GE_DEMO\\great_expectations\\data\\first_data.csv"
    },
    "checkpoint_id": null,
    "checkpoint_name": "first_data.csv_sabari_expectation_suite",
    "expectation_suite_name": "sabari_expectation_suite",
    "great_expectations_version": "0.15.25",
    "run_id": {
      "run_name": null,
      "run_time": "2022-09-28T14:08:19.845842+00:00"
    },
    "validation_id": null,
    "validation_time": "20220928T083819.923405Z"
  },
  "results": [
    {
      "exception_info": {
        "exception_message": null,
        "exception_traceback": null,
        "raised_exception": false
      },
      "expectation_config": {
        "expectation_type": "expect_table_row_count_to_be_between",
        "kwargs": {
          "batch_id": "609e953946445f7bf0a7bf98d5202c0a",
          "max_value": 610,
          "min_value": 610
        },
        "meta": {
          "profiler_details": {
            "metric_configuration": {
              "domain_kwargs": {},
              "metric_dependencies": null,
              "metric_name": "table.row_count",
              "metric_value_kwargs": null
            },
            "num_batches": 1
          }
        }
      },
      "meta": {},
      "result": {
        "observed_value": 610
      },
      "success": true
    },
    {
      "exception_info": {
        "exception_message": null,
        "exception_traceback": null,
        "raised_exception": false
      },
      "expectation_config": {
        "expectation_type": "expect_table_columns_to_match_set",
        "kwargs": {
          "batch_id": "609e953946445f7bf0a7bf98d5202c0a",
          "column_set": [
            "Daily Internet Usage",
            "Country",
            "Male",
            "Age",
            "Timestamp",
            "Clicked on Ad",
            "City",
            "Area Income",
            "Daily Time Spent on Site",
            "Unnamed: 0",
            "Ad Topic Line"
          ],
          "exact_match": null
        },
        "meta": {
          "profiler_details": {
            "success_ratio": 1.0
          }
        }
      },
      "meta": {},
      "result": {
        "observed_value": [
          "Unnamed: 0",
          "Daily Time Spent on Site",
          "Age",
          "Area Income",
          "Daily Internet Usage",
          "Ad Topic Line",
          "City",
          "Male",
          "Country",
          "Timestamp",
          "Clicked on Ad"
        ]
      },
      "success": true
    },
    {
      "exception_info": {
        "exception_message": null,
        "exception_traceback": null,
        "raised_exception": false
      },
      "expectation_config": {
        "expectation_type": "expect_column_values_to_not_be_null",
        "kwargs": {
          "batch_id": "609e953946445f7bf0a7bf98d5202c0a",
          "column": "Daily Time Spent on Site"
        },
        "meta": {
          "profiler_details": {
            "metric_configuration": {
              "domain_kwargs": {
                "column": "Daily Time Spent on Site"
              },
              "metric_dependencies": null,
              "metric_name": "column_values.nonnull.unexpected_count",
              "metric_value_kwargs": null
            },
            "num_batches": 1
          }
        }
      },
      "meta": {},
      "result": {
        "element_count": 610,
        "partial_unexpected_counts": [],
        "partial_unexpected_index_list": null,
        "partial_unexpected_list": [],
        "unexpected_count": 0,
        "unexpected_percent": 0.0
      },
      "success": true
    },
    {
      "exception_info": {
        "exception_message": null,
        "exception_traceback": null,
        "raised_exception": false
      },
      "expectation_config": {
        "expectation_type": "expect_column_min_to_be_between",
        "kwargs": {
          "batch_id": "609e953946445f7bf0a7bf98d5202c0a",
          "column": "Daily Time Spent on Site",
          "max_value": 32.6,
          "min_value": 32.6,
          "strict_max": false,
          "strict_min": false
        },
        "meta": {
          "profiler_details": {
            "metric_configuration": {
              "domain_kwargs": {
                "column": "Daily Time Spent on Site"
              },
              "metric_dependencies": null,
              "metric_name": "column.min",
              "metric_value_kwargs": null
            },
            "num_batches": 1
          }
        }
      },
      "meta": {},
      "result": {
        "observed_value": 32.6
      },
      "success": true
    },
    {
      "exception_info": {
        "exception_message": null,
        "exception_traceback": null,
        "raised_exception": false
      },
      "expectation_config": {
        "expectation_type": "expect_column_max_to_be_between",
        "kwargs": {
          "batch_id": "609e953946445f7bf0a7bf98d5202c0a",
          "column": "Daily Time Spent on Site",
          "max_value": 91.37,
          "min_value": 91.37,
          "strict_max": false,
          "strict_min": false
        },
        "meta": {
          "profiler_details": {
            "metric_configuration": {
              "domain_kwargs": {
                "column": "Daily Time Spent on Site"
              },
              "metric_dependencies": null,
              "metric_name": "column.max",
              "metric_value_kwargs": null
            },
            "num_batches": 1
          }
        }
      },
      "meta": {},
      "result": {
        "observed_value": 91.37
      },
      "success": true
    },
    {
      "exception_info": {
        "exception_message": null,
        "exception_traceback": null,
        "raised_exception": false
      },
      "expectation_config": {
        "expectation_type": "expect_column_values_to_be_between",
        "kwargs": {
          "batch_id": "609e953946445f7bf0a7bf98d5202c0a",
          "column": "Daily Time Spent on Site",
          "max_value": 91.37,
          "min_value": 32.6,
          "mostly": 1.0,
          "strict_max": false,
          "strict_min": false
        },
        "meta": {
          "profiler_details": {
            "column_max_values_range_estimator": {
              "metric_configuration": {
                "domain_kwargs": {
                  "column": "Daily Time Spent on Site"
                },
                "metric_dependencies": null,
                "metric_name": "column.max",
                "metric_value_kwargs": null
              },
              "num_batches": 1
            },
            "column_min_values_range_estimator": {
              "metric_configuration": {
                "domain_kwargs": {
                  "column": "Daily Time Spent on Site"
                },
                "metric_dependencies": null,
                "metric_name": "column.min",
                "metric_value_kwargs": null
              },
              "num_batches": 1
            }
          }
        }
      },
      "meta": {},
      "result": {
        "element_count": 610,
        "missing_count": 0,
        "missing_percent": 0.0,
        "partial_unexpected_counts": [],
        "partial_unexpected_index_list": null,
        "partial_unexpected_list": [],
        "unexpected_count": 0,
        "unexpected_percent": 0.0,
        "unexpected_percent_nonmissing": 0.0,
        "unexpected_percent_total": 0.0
      },
      "success": true
    },
    {
      "exception_info": {
        "exception_message": null,
        "exception_traceback": null,
        "raised_exception": false
      },
      "expectation_config": {
        "expectation_type": "expect_column_quantile_values_to_be_between",
        "kwargs": {
          "allow_relative_error": false,
          "batch_id": "609e953946445f7bf0a7bf98d5202c0a",
          "column": "Daily Time Spent on Site",
          "quantile_ranges": {
            "quantiles": [
              0.25,
              0.5,
              0.75
            ],
            "value_ranges": [
              [
                51.5,
                51.5
              ],
              [
                68.25,
                68.25
              ],
              [
                78.53,
                78.53
              ]
            ]
          }
        },
        "meta": {
          "profiler_details": {
            "metric_configuration": {
              "domain_kwargs": {
                "column": "Daily Time Spent on Site"
              },
              "metric_dependencies": null,
              "metric_name": "column.quantile_values",
              "metric_value_kwargs": {
                "allow_relative_error": false,
                "quantiles": [
                  0.25,
                  0.5,
                  0.75
                ]
              }
            },
            "num_batches": 1
          }
        }
      },
      "meta": {},
      "result": {
        "details": {
          "success_details": [
            true,
            true,
            true
          ]
        },
        "observed_value": {
          "quantiles": [
            0.25,
            0.5,
            0.75
          ],
          "values": [
            51.5,
            68.25,
            78.53
          ]
        }
      },
      "success": true
    },
    {
      "exception_info": {
        "exception_message": null,
        "exception_traceback": null,
        "raised_exception": false
      },
      "expectation_config": {
        "expectation_type": "expect_column_median_to_be_between",
        "kwargs": {
          "batch_id": "609e953946445f7bf0a7bf98d5202c0a",
          "column": "Daily Time Spent on Site",
          "max_value": 68.33,
          "min_value": 68.33,
          "strict_max": false,
          "strict_min": false
        },
        "meta": {
          "profiler_details": {
            "metric_configuration": {
              "domain_kwargs": {
                "column": "Daily Time Spent on Site"
              },
              "metric_dependencies": null,
              "metric_name": "column.median",
              "metric_value_kwargs": null
            },
            "num_batches": 1
          }
        }
      },
      "meta": {},
      "result": {
        "observed_value": 68.33
      },
      "success": true
    },
    {
      "exception_info": {
        "exception_message": null,
        "exception_traceback": null,
        "raised_exception": false
      },
      "expectation_config": {
        "expectation_type": "expect_column_mean_to_be_between",
        "kwargs": {
          "batch_id": "609e953946445f7bf0a7bf98d5202c0a",
          "column": "Daily Time Spent on Site",
          "max_value": 65.26704918032787,
          "min_value": 65.26704918032787,
          "strict_max": false,
          "strict_min": false
        },
        "meta": {
          "profiler_details": {
            "metric_configuration": {
              "domain_kwargs": {
                "column": "Daily Time Spent on Site"
              },
              "metric_dependencies": null,
              "metric_name": "column.mean",
              "metric_value_kwargs": null
            },
            "num_batches": 1
          }
        }
      },
      "meta": {},
      "result": {
        "observed_value": 65.26704918032787
      },
      "success": true
    },
    {
      "exception_info": {
        "exception_message": null,
        "exception_traceback": null,
        "raised_exception": false
      },
      "expectation_config": {
        "expectation_type": "expect_column_stdev_to_be_between",
        "kwargs": {
          "batch_id": "609e953946445f7bf0a7bf98d5202c0a",
          "column": "Daily Time Spent on Site",
          "max_value": 15.852991506918535,
          "min_value": 15.852991506918535,
          "strict_max": false,
          "strict_min": false
        },
        "meta": {
          "profiler_details": {
            "metric_configuration": {
              "domain_kwargs": {
                "column": "Daily Time Spent on Site"
              },
              "metric_dependencies": null,
              "metric_name": "column.standard_deviation",
              "metric_value_kwargs": null
            },
            "num_batches": 1
          }
        }
      },
      "meta": {},
      "result": {
        "observed_value": 15.852991506918535
      },
      "success": true
    },
    {
      "exception_info": {
        "exception_message": null,
        "exception_traceback": null,
        "raised_exception": false
      },
      "expectation_config": {
        "expectation_type": "expect_column_values_to_not_be_null",
        "kwargs": {
          "batch_id": "609e953946445f7bf0a7bf98d5202c0a",
          "column": "Age"
        },
        "meta": {
          "profiler_details": {
            "metric_configuration": {
              "domain_kwargs": {
                "column": "Age"
              },
              "metric_dependencies": null,
              "metric_name": "column_values.nonnull.unexpected_count",
              "metric_value_kwargs": null
            },
            "num_batches": 1
          }
        }
      },
      "meta": {},
      "result": {
        "element_count": 610,
        "partial_unexpected_counts": [],
        "partial_unexpected_index_list": null,
        "partial_unexpected_list": [],
        "unexpected_count": 0,
        "unexpected_percent": 0.0
      },
      "success": true
    },
    {
      "exception_info": {
        "exception_message": null,
        "exception_traceback": null,
        "raised_exception": false
      },
      "expectation_config": {
        "expectation_type": "expect_column_min_to_be_between",
        "kwargs": {
          "batch_id": "609e953946445f7bf0a7bf98d5202c0a",
          "column": "Age",
          "max_value": 19,
          "min_value": 19,
          "strict_max": false,
          "strict_min": false
        },
        "meta": {
          "profiler_details": {
            "metric_configuration": {
              "domain_kwargs": {
                "column": "Age"
              },
              "metric_dependencies": null,
              "metric_name": "column.min",
              "metric_value_kwargs": null
            },
            "num_batches": 1
          }
        }
      },
      "meta": {},
      "result": {
        "observed_value": 19
      },
      "success": true
    },
    {
      "exception_info": {
        "exception_message": null,
        "exception_traceback": null,
        "raised_exception": false
      },
      "expectation_config": {
        "expectation_type": "expect_column_max_to_be_between",
        "kwargs": {
          "batch_id": "609e953946445f7bf0a7bf98d5202c0a",
          "column": "Age",
          "max_value": 61,
          "min_value": 61,
          "strict_max": false,
          "strict_min": false
        },
        "meta": {
          "profiler_details": {
            "metric_configuration": {
              "domain_kwargs": {
                "column": "Age"
              },
              "metric_dependencies": null,
              "metric_name": "column.max",
              "metric_value_kwargs": null
            },
            "num_batches": 1
          }
        }
      },
      "meta": {},
      "result": {
        "observed_value": 61
      },
      "success": true
    },
    {
      "exception_info": {
        "exception_message": null,
        "exception_traceback": null,
        "raised_exception": false
      },
      "expectation_config": {
        "expectation_type": "expect_column_values_to_be_between",
        "kwargs": {
          "batch_id": "609e953946445f7bf0a7bf98d5202c0a",
          "column": "Age",
          "max_value": 61,
          "min_value": 19,
          "mostly": 1.0,
          "strict_max": false,
          "strict_min": false
        },
        "meta": {
          "profiler_details": {
            "column_max_values_range_estimator": {
              "metric_configuration": {
                "domain_kwargs": {
                  "column": "Age"
                },
                "metric_dependencies": null,
                "metric_name": "column.max",
                "metric_value_kwargs": null
              },
              "num_batches": 1
            },
            "column_min_values_range_estimator": {
              "metric_configuration": {
                "domain_kwargs": {
                  "column": "Age"
                },
                "metric_dependencies": null,
                "metric_name": "column.min",
                "metric_value_kwargs": null
              },
              "num_batches": 1
            }
          }
        }
      },
      "meta": {},
      "result": {
        "element_count": 610,
        "missing_count": 0,
        "missing_percent": 0.0,
        "partial_unexpected_counts": [],
        "partial_unexpected_index_list": null,
        "partial_unexpected_list": [],
        "unexpected_count": 0,
        "unexpected_percent": 0.0,
        "unexpected_percent_nonmissing": 0.0,
        "unexpected_percent_total": 0.0
      },
      "success": true
    },
    {
      "exception_info": {
        "exception_message": null,
        "exception_traceback": null,
        "raised_exception": false
      },
      "expectation_config": {
        "expectation_type": "expect_column_quantile_values_to_be_between",
        "kwargs": {
          "allow_relative_error": false,
          "batch_id": "609e953946445f7bf0a7bf98d5202c0a",
          "column": "Age",
          "quantile_ranges": {
            "quantiles": [
              0.25,
              0.5,
              0.75
            ],
            "value_ranges": [
              [
                29,
                29
              ],
              [
                35,
                35
              ],
              [
                42,
                42
              ]
            ]
          }
        },
        "meta": {
          "profiler_details": {
            "metric_configuration": {
              "domain_kwargs": {
                "column": "Age"
              },
              "metric_dependencies": null,
              "metric_name": "column.quantile_values",
              "metric_value_kwargs": {
                "allow_relative_error": false,
                "quantiles": [
                  0.25,
                  0.5,
                  0.75
                ]
              }
            },
            "num_batches": 1
          }
        }
      },
      "meta": {},
      "result": {
        "details": {
          "success_details": [
            true,
            true,
            true
          ]
        },
        "observed_value": {
          "quantiles": [
            0.25,
            0.5,
            0.75
          ],
          "values": [
            29,
            35,
            42
          ]
        }
      },
      "success": true
    },
    {
      "exception_info": {
        "exception_message": null,
        "exception_traceback": null,
        "raised_exception": false
      },
      "expectation_config": {
        "expectation_type": "expect_column_median_to_be_between",
        "kwargs": {
          "batch_id": "609e953946445f7bf0a7bf98d5202c0a",
          "column": "Age",
          "max_value": 35.0,
          "min_value": 35.0,
          "strict_max": false,
          "strict_min": false
        },
        "meta": {
          "profiler_details": {
            "metric_configuration": {
              "domain_kwargs": {
                "column": "Age"
              },
              "metric_dependencies": null,
              "metric_name": "column.median",
              "metric_value_kwargs": null
            },
            "num_batches": 1
          }
        }
      },
      "meta": {},
      "result": {
        "observed_value": 35.0
      },
      "success": true
    },
    {
      "exception_info": {
        "exception_message": null,
        "exception_traceback": null,
        "raised_exception": false
      },
      "expectation_config": {
        "expectation_type": "expect_column_mean_to_be_between",
        "kwargs": {
          "batch_id": "609e953946445f7bf0a7bf98d5202c0a",
          "column": "Age",
          "max_value": 36.05081967213115,
          "min_value": 36.05081967213115,
          "strict_max": false,
          "strict_min": false
        },
        "meta": {
          "profiler_details": {
            "metric_configuration": {
              "domain_kwargs": {
                "column": "Age"
              },
              "metric_dependencies": null,
              "metric_name": "column.mean",
              "metric_value_kwargs": null
            },
            "num_batches": 1
          }
        }
      },
      "meta": {},
      "result": {
        "observed_value": 36.05081967213115
      },
      "success": true
    },
    {
      "exception_info": {
        "exception_message": null,
        "exception_traceback": null,
        "raised_exception": false
      },
      "expectation_config": {
        "expectation_type": "expect_column_stdev_to_be_between",
        "kwargs": {
          "batch_id": "609e953946445f7bf0a7bf98d5202c0a",
          "column": "Age",
          "max_value": 8.918295855659336,
          "min_value": 8.918295855659336,
          "strict_max": false,
          "strict_min": false
        },
        "meta": {
          "profiler_details": {
            "metric_configuration": {
              "domain_kwargs": {
                "column": "Age"
              },
              "metric_dependencies": null,
              "metric_name": "column.standard_deviation",
              "metric_value_kwargs": null
            },
            "num_batches": 1
          }
        }
      },
      "meta": {},
      "result": {
        "observed_value": 8.918295855659336
      },
      "success": true
    },
    {
      "exception_info": {
        "exception_message": null,
        "exception_traceback": null,
        "raised_exception": false
      },
      "expectation_config": {
        "expectation_type": "expect_column_values_to_be_in_set",
        "kwargs": {
          "batch_id": "609e953946445f7bf0a7bf98d5202c0a",
          "column": "Age",
          "mostly": 1.0,
          "value_set": [
            19,
            20,
            21,
            22,
            23,
            24,
            25,
            26,
            27,
            28,
            29,
            30,
            31,
            32,
            33,
            34,
            35,
            36,
            37,
            38,
            39,
            40,
            41,
            42,
            43,
            44,
            45,
            46,
            47,
            48,
            49,
            50,
            51,
            52,
            53,
            54,
            55,
            56,
            57,
            58,
            59,
            60,
            61
          ]
        },
        "meta": {
          "profiler_details": {
            "metric_configuration": {
              "domain_kwargs": {
                "column": "Age"
              },
              "metric_dependencies": null,
              "metric_name": "column.distinct_values",
              "metric_value_kwargs": null
            },
            "num_batches": 1,
            "parse_strings_as_datetimes": false
          }
        }
      },
      "meta": {},
      "result": {
        "element_count": 610,
        "missing_count": 0,
        "missing_percent": 0.0,
        "partial_unexpected_counts": [],
        "partial_unexpected_index_list": null,
        "partial_unexpected_list": [],
        "unexpected_count": 0,
        "unexpected_percent": 0.0,
        "unexpected_percent_nonmissing": 0.0,
        "unexpected_percent_total": 0.0
      },
      "success": true
    },
    {
      "exception_info": {
        "exception_message": null,
        "exception_traceback": null,
        "raised_exception": false
      },
      "expectation_config": {
        "expectation_type": "expect_column_unique_value_count_to_be_between",
        "kwargs": {
          "batch_id": "609e953946445f7bf0a7bf98d5202c0a",
          "column": "Age",
          "max_value": 43,
          "min_value": 43,
          "strict_max": false,
          "strict_min": false
        },
        "meta": {
          "profiler_details": {
            "metric_configuration": {
              "domain_kwargs": {
                "column": "Age"
              },
              "metric_dependencies": null,
              "metric_name": "column.distinct_values.count",
              "metric_value_kwargs": null
            },
            "num_batches": 1
          }
        }
      },
      "meta": {},
      "result": {
        "observed_value": 43
      },
      "success": true
    },
    {
      "exception_info": {
        "exception_message": null,
        "exception_traceback": null,
        "raised_exception": false
      },
      "expectation_config": {
        "expectation_type": "expect_column_proportion_of_unique_values_to_be_between",
        "kwargs": {
          "batch_id": "609e953946445f7bf0a7bf98d5202c0a",
          "column": "Age",
          "max_value": 0.07049180327868852,
          "min_value": 0.07049180327868852,
          "strict_max": false,
          "strict_min": false
        },
        "meta": {
          "profiler_details": {
            "metric_configuration": {
              "domain_kwargs": {
                "column": "Age"
              },
              "metric_dependencies": null,
              "metric_name": "column.unique_proportion",
              "metric_value_kwargs": null
            },
            "num_batches": 1
          }
        }
      },
      "meta": {},
      "result": {
        "observed_value": 0.07049180327868852
      },
      "success": true
    }
  ],
  "statistics": {
    "evaluated_expectations": 21,
    "success_percent": 100.0,
    "successful_expectations": 21,
    "unsuccessful_expectations": 0
  },
  "success": true
}