{
  "evaluation_parameters": {},
  "meta": {
    "active_batch_definition": {
      "batch_identifiers": {},
      "data_asset_name": "DEV_TABLE",
      "data_connector_name": "default_configured_data_connector_name",
      "datasource_name": "my_datasource"
    },
    "batch_markers": {
      "ge_load_time": "20230109T120844.734400Z"
    },
    "batch_spec": {
      "batch_identifiers": {},
      "class_name": "Asset",
      "data_asset_name": "DEV_TABLE",
      "module_name": "great_expectations.datasource.data_connector.asset",
      "schema_name": "DEV_SCHEMA",
      "sorters": {},
      "table_name": "DEV_TABLE",
      "type": null
    },
    "checkpoint_id": null,
    "checkpoint_name": "DEV_TABLE_EmployeeCount",
    "expectation_suite_name": "EmployeeCount",
    "great_expectations_version": "0.15.42",
    "run_id": {
      "run_name": null,
      "run_time": "2023-01-09T17:38:44.684851+00:00"
    },
    "validation_id": null,
    "validation_time": "20230109T120845.999691Z"
  },
  "results": [
    {
      "exception_info": {
        "exception_message": null,
        "exception_traceback": null,
        "raised_exception": false
      },
      "expectation_config": {
        "expectation_type": "expect_table_row_count_to_be_between",
        "kwargs": {
          "batch_id": "4774263e63cc333f28b333046e5de343",
          "max_value": 150000,
          "min_value": 150000
        },
        "meta": {}
      },
      "meta": {},
      "result": {
        "observed_value": 150000
      },
      "success": true
    },
    {
      "exception_info": {
        "exception_message": null,
        "exception_traceback": null,
        "raised_exception": false
      },
      "expectation_config": {
        "expectation_type": "expect_table_columns_to_match_set",
        "kwargs": {
          "batch_id": "4774263e63cc333f28b333046e5de343",
          "column_set": [
            "c_phone",
            "c_name",
            "c_nationkey",
            "c_address",
            "c_acctbal",
            "c_custkey",
            "c_mktsegment",
            "c_comment",
            "employeecount"
          ]
        },
        "meta": {}
      },
      "meta": {},
      "result": {
        "observed_value": [
          "c_custkey",
          "c_name",
          "c_address",
          "c_nationkey",
          "c_phone",
          "c_acctbal",
          "c_mktsegment",
          "c_comment",
          "employeecount"
        ]
      },
      "success": true
    },
    {
      "exception_info": {
        "exception_message": null,
        "exception_traceback": null,
        "raised_exception": false
      },
      "expectation_config": {
        "expectation_type": "expect_column_values_to_not_be_null",
        "kwargs": {
          "batch_id": "4774263e63cc333f28b333046e5de343",
          "column": "employeecount"
        },
        "meta": {
          "profiler_details": {
            "metric_configuration": {
              "domain_kwargs": {
                "column": "employeecount"
              },
              "metric_name": "column_values.nonnull.unexpected_count",
              "metric_value_kwargs": null
            },
            "num_batches": 1
          }
        }
      },
      "meta": {},
      "result": {
        "element_count": 150000,
        "partial_unexpected_counts": [
          {
            "count": 20,
            "value": null
          }
        ],
        "partial_unexpected_list": [
          null,
          null,
          null,
          null,
          null,
          null,
          null,
          null,
          null,
          null,
          null,
          null,
          null,
          null,
          null,
          null,
          null,
          null,
          null,
          null
        ],
        "unexpected_count": 6011,
        "unexpected_percent": 4.007333333333333
      },
      "success": false
    },
    {
      "exception_info": {
        "exception_message": null,
        "exception_traceback": null,
        "raised_exception": false
      },
      "expectation_config": {
        "expectation_type": "expect_column_values_to_be_in_set",
        "kwargs": {
          "batch_id": "4774263e63cc333f28b333046e5de343",
          "column": "employeecount",
          "mostly": 1.0,
          "value_set": [
            "101 - 250",
            "251 - 500",
            "5,001 - 10,000",
            "50,001 - 100,000",
            "1 - 10",
            "1,001 - 5,000",
            "51 - 100",
            "more than 100,000",
            "11 - 50",
            "501 - 1,000",
            "10,001 - 50,000"
          ]
        },
        "meta": {
          "profiler_details": {
            "metric_configuration": {
              "domain_kwargs": {
                "column": "employeecount"
              },
              "metric_name": "column.distinct_values",
              "metric_value_kwargs": null
            },
            "num_batches": 1,
            "parse_strings_as_datetimes": false
          }
        }
      },
      "meta": {},
      "result": {
        "element_count": 150000,
        "missing_count": 6011,
        "missing_percent": 4.007333333333333,
        "partial_unexpected_counts": [
          {
            "count": 20,
            "value": "ABCD"
          }
        ],
        "partial_unexpected_list": [
          "ABCD",
          "ABCD",
          "ABCD",
          "ABCD",
          "ABCD",
          "ABCD",
          "ABCD",
          "ABCD",
          "ABCD",
          "ABCD",
          "ABCD",
          "ABCD",
          "ABCD",
          "ABCD",
          "ABCD",
          "ABCD",
          "ABCD",
          "ABCD",
          "ABCD",
          "ABCD"
        ],
        "unexpected_count": 6020,
        "unexpected_percent": 4.180874927945885,
        "unexpected_percent_nonmissing": 4.180874927945885,
        "unexpected_percent_total": 4.013333333333334
      },
      "success": false
    },
    {
      "exception_info": {
        "exception_message": null,
        "exception_traceback": null,
        "raised_exception": false
      },
      "expectation_config": {
        "expectation_type": "expect_column_unique_value_count_to_be_between",
        "kwargs": {
          "batch_id": "4774263e63cc333f28b333046e5de343",
          "column": "employeecount",
          "max_value": 11,
          "min_value": 11,
          "strict_max": false,
          "strict_min": false
        },
        "meta": {
          "profiler_details": {
            "metric_configuration": {
              "domain_kwargs": {
                "column": "employeecount"
              },
              "metric_name": "column.distinct_values.count",
              "metric_value_kwargs": null
            },
            "num_batches": 1
          }
        }
      },
      "meta": {},
      "result": {
        "observed_value": 11
      },
      "success": true
    },
    {
      "exception_info": {
        "exception_message": null,
        "exception_traceback": null,
        "raised_exception": false
      },
      "expectation_config": {
        "expectation_type": "expect_column_proportion_of_unique_values_to_be_between",
        "kwargs": {
          "batch_id": "4774263e63cc333f28b333046e5de343",
          "column": "employeecount",
          "max_value": 7.333333333333333e-05,
          "min_value": 7.333333333333333e-05,
          "strict_max": false,
          "strict_min": false
        },
        "meta": {
          "profiler_details": {
            "metric_configuration": {
              "domain_kwargs": {
                "column": "employeecount"
              },
              "metric_name": "column.unique_proportion",
              "metric_value_kwargs": null
            },
            "num_batches": 1
          }
        }
      },
      "meta": {},
      "result": {
        "observed_value": 7.639472459701783e-05
      },
      "success": false
    }
  ],
  "statistics": {
    "evaluated_expectations": 6,
    "success_percent": 50.0,
    "successful_expectations": 3,
    "unsuccessful_expectations": 3
  },
  "success": false
}