{
  "evaluation_parameters": {},
  "meta": {
    "active_batch_definition": {
      "batch_identifiers": {},
      "data_asset_name": "TEST_TEABLE",
      "data_connector_name": "default_configured_data_connector_name",
      "datasource_name": "my_datasource"
    },
    "batch_markers": {
      "ge_load_time": "20221228T090414.567260Z"
    },
    "batch_spec": {
      "batch_identifiers": {},
      "class_name": "Asset",
      "data_asset_name": "TEST_TEABLE",
      "module_name": "great_expectations.datasource.data_connector.asset",
      "schema_name": "PUBLIC",
      "sorters": {},
      "table_name": "TEST_TEABLE",
      "type": null
    },
    "checkpoint_id": null,
    "checkpoint_name": "Checkpoint",
    "expectation_suite_name": "Range",
    "great_expectations_version": "0.15.41",
    "run_id": {
      "run_name": "20221228-143414-my-run-name-template",
      "run_time": "2022-12-28T14:34:14.524085+00:00"
    },
    "validation_id": null,
    "validation_time": "20221228T090416.205757Z"
  },
  "results": [
    {
      "exception_info": {
        "exception_message": null,
        "exception_traceback": null,
        "raised_exception": false
      },
      "expectation_config": {
        "expectation_type": "expect_table_row_count_to_be_between",
        "kwargs": {
          "batch_id": "7d2fb52d1a8dc7e44a1b222411c1cfa4",
          "max_value": 150001,
          "min_value": 150001
        },
        "meta": {
          "profiler_details": {
            "metric_configuration": {
              "domain_kwargs": {},
              "metric_name": "table.row_count",
              "metric_value_kwargs": null
            },
            "num_batches": 1
          }
        }
      },
      "meta": {},
      "result": {
        "observed_value": 150001
      },
      "success": true
    },
    {
      "exception_info": {
        "exception_message": null,
        "exception_traceback": null,
        "raised_exception": false
      },
      "expectation_config": {
        "expectation_type": "expect_table_columns_to_match_set",
        "kwargs": {
          "batch_id": "7d2fb52d1a8dc7e44a1b222411c1cfa4",
          "column_set": [
            "c_acctbal",
            "c_comment",
            "c_address",
            "c_nationkey",
            "c_custkey",
            "c_mktsegment",
            "c_name",
            "c_phone"
          ],
          "exact_match": null
        },
        "meta": {
          "profiler_details": {
            "success_ratio": 1.0
          }
        }
      },
      "meta": {},
      "result": {
        "observed_value": [
          "c_custkey",
          "c_name",
          "c_address",
          "c_nationkey",
          "c_phone",
          "c_acctbal",
          "c_mktsegment",
          "c_comment"
        ]
      },
      "success": true
    },
    {
      "exception_info": {
        "exception_message": null,
        "exception_traceback": null,
        "raised_exception": false
      },
      "expectation_config": {
        "expectation_type": "expect_column_values_to_be_unique",
        "kwargs": {
          "batch_id": "7d2fb52d1a8dc7e44a1b222411c1cfa4",
          "column": "c_custkey"
        },
        "meta": {
          "profiler_details": {
            "metric_configuration": {
              "domain_kwargs": {
                "column": "c_custkey"
              },
              "metric_name": "column_values.unique.unexpected_count",
              "metric_value_kwargs": null
            },
            "num_batches": 1
          }
        }
      },
      "meta": {},
      "result": {
        "element_count": 150001,
        "missing_count": 1,
        "missing_percent": 0.0006666622222518516,
        "partial_unexpected_counts": [],
        "partial_unexpected_list": [],
        "unexpected_count": 0,
        "unexpected_percent": 0.0,
        "unexpected_percent_nonmissing": 0.0,
        "unexpected_percent_total": 0.0
      },
      "success": true
    },
    {
      "exception_info": {
        "exception_message": null,
        "exception_traceback": null,
        "raised_exception": false
      },
      "expectation_config": {
        "expectation_type": "expect_column_min_to_be_between",
        "kwargs": {
          "batch_id": "7d2fb52d1a8dc7e44a1b222411c1cfa4",
          "column": "c_custkey",
          "max_value": 1,
          "min_value": 1,
          "strict_max": false,
          "strict_min": false
        },
        "meta": {
          "profiler_details": {
            "metric_configuration": {
              "domain_kwargs": {
                "column": "c_custkey"
              },
              "metric_name": "column.min",
              "metric_value_kwargs": null
            },
            "num_batches": 1
          }
        }
      },
      "meta": {},
      "result": {
        "observed_value": 1
      },
      "success": true
    },
    {
      "exception_info": {
        "exception_message": null,
        "exception_traceback": null,
        "raised_exception": false
      },
      "expectation_config": {
        "expectation_type": "expect_column_max_to_be_between",
        "kwargs": {
          "batch_id": "7d2fb52d1a8dc7e44a1b222411c1cfa4",
          "column": "c_custkey",
          "max_value": 150000,
          "min_value": 150000,
          "strict_max": false,
          "strict_min": false
        },
        "meta": {
          "profiler_details": {
            "metric_configuration": {
              "domain_kwargs": {
                "column": "c_custkey"
              },
              "metric_name": "column.max",
              "metric_value_kwargs": null
            },
            "num_batches": 1
          }
        }
      },
      "meta": {},
      "result": {
        "observed_value": 150000
      },
      "success": true
    },
    {
      "exception_info": {
        "exception_message": null,
        "exception_traceback": null,
        "raised_exception": false
      },
      "expectation_config": {
        "expectation_type": "expect_column_values_to_be_between",
        "kwargs": {
          "batch_id": "7d2fb52d1a8dc7e44a1b222411c1cfa4",
          "column": "c_custkey",
          "max_value": 150000,
          "min_value": 1,
          "mostly": 1.0,
          "strict_max": false,
          "strict_min": false
        },
        "meta": {
          "profiler_details": {
            "column_max_values_range_estimator": {
              "metric_configuration": {
                "domain_kwargs": {
                  "column": "c_custkey"
                },
                "metric_name": "column.max",
                "metric_value_kwargs": null
              },
              "num_batches": 1
            },
            "column_min_values_range_estimator": {
              "metric_configuration": {
                "domain_kwargs": {
                  "column": "c_custkey"
                },
                "metric_name": "column.min",
                "metric_value_kwargs": null
              },
              "num_batches": 1
            }
          }
        }
      },
      "meta": {},
      "result": {
        "element_count": 150001,
        "missing_count": 1,
        "missing_percent": 0.0006666622222518516,
        "partial_unexpected_counts": [],
        "partial_unexpected_list": [],
        "unexpected_count": 0,
        "unexpected_percent": 0.0,
        "unexpected_percent_nonmissing": 0.0,
        "unexpected_percent_total": 0.0
      },
      "success": true
    },
    {
      "exception_info": {
        "exception_message": null,
        "exception_traceback": null,
        "raised_exception": false
      },
      "expectation_config": {
        "expectation_type": "expect_column_quantile_values_to_be_between",
        "kwargs": {
          "allow_relative_error": false,
          "batch_id": "7d2fb52d1a8dc7e44a1b222411c1cfa4",
          "column": "c_custkey",
          "quantile_ranges": {
            "quantiles": [
              0.25,
              0.5,
              0.75
            ],
            "value_ranges": [
              [
                37500,
                37500
              ],
              [
                75000,
                75000
              ],
              [
                112500,
                112500
              ]
            ]
          }
        },
        "meta": {
          "profiler_details": {
            "metric_configuration": {
              "domain_kwargs": {
                "column": "c_custkey"
              },
              "metric_name": "column.quantile_values",
              "metric_value_kwargs": {
                "allow_relative_error": false,
                "quantiles": [
                  0.25,
                  0.5,
                  0.75
                ]
              }
            },
            "num_batches": 1
          }
        }
      },
      "meta": {},
      "result": {
        "details": {
          "success_details": [
            true,
            true,
            true
          ]
        },
        "observed_value": {
          "quantiles": [
            0.25,
            0.5,
            0.75
          ],
          "values": [
            37500,
            75000,
            112500
          ]
        }
      },
      "success": true
    },
    {
      "exception_info": {
        "exception_message": null,
        "exception_traceback": null,
        "raised_exception": false
      },
      "expectation_config": {
        "expectation_type": "expect_column_median_to_be_between",
        "kwargs": {
          "batch_id": "7d2fb52d1a8dc7e44a1b222411c1cfa4",
          "column": "c_custkey",
          "max_value": 75000.5,
          "min_value": 75000.5,
          "strict_max": false,
          "strict_min": false
        },
        "meta": {
          "profiler_details": {
            "metric_configuration": {
              "domain_kwargs": {
                "column": "c_custkey"
              },
              "metric_name": "column.median",
              "metric_value_kwargs": null
            },
            "num_batches": 1
          }
        }
      },
      "meta": {},
      "result": {
        "observed_value": 75000.5
      },
      "success": true
    },
    {
      "exception_info": {
        "exception_message": null,
        "exception_traceback": null,
        "raised_exception": false
      },
      "expectation_config": {
        "expectation_type": "expect_column_mean_to_be_between",
        "kwargs": {
          "batch_id": "7d2fb52d1a8dc7e44a1b222411c1cfa4",
          "column": "c_custkey",
          "max_value": 75000.5,
          "min_value": 75000.5,
          "strict_max": false,
          "strict_min": false
        },
        "meta": {
          "profiler_details": {
            "metric_configuration": {
              "domain_kwargs": {
                "column": "c_custkey"
              },
              "metric_name": "column.mean",
              "metric_value_kwargs": null
            },
            "num_batches": 1
          }
        }
      },
      "meta": {},
      "result": {
        "observed_value": 75000.5
      },
      "success": true
    },
    {
      "exception_info": {
        "exception_message": null,
        "exception_traceback": null,
        "raised_exception": false
      },
      "expectation_config": {
        "expectation_type": "expect_column_stdev_to_be_between",
        "kwargs": {
          "batch_id": "7d2fb52d1a8dc7e44a1b222411c1cfa4",
          "column": "c_custkey",
          "max_value": 43301.414526549,
          "min_value": 43301.414526549,
          "strict_max": false,
          "strict_min": false
        },
        "meta": {
          "profiler_details": {
            "metric_configuration": {
              "domain_kwargs": {
                "column": "c_custkey"
              },
              "metric_name": "column.standard_deviation",
              "metric_value_kwargs": null
            },
            "num_batches": 1
          }
        }
      },
      "meta": {},
      "result": {
        "observed_value": 43301.414526549
      },
      "success": true
    },
    {
      "exception_info": {
        "exception_message": null,
        "exception_traceback": null,
        "raised_exception": false
      },
      "expectation_config": {
        "expectation_type": "expect_column_values_to_be_unique",
        "kwargs": {
          "batch_id": "7d2fb52d1a8dc7e44a1b222411c1cfa4",
          "column": "c_name"
        },
        "meta": {
          "profiler_details": {
            "metric_configuration": {
              "domain_kwargs": {
                "column": "c_name"
              },
              "metric_name": "column_values.unique.unexpected_count",
              "metric_value_kwargs": null
            },
            "num_batches": 1
          }
        }
      },
      "meta": {},
      "result": {
        "element_count": 150001,
        "missing_count": 0,
        "missing_percent": 0.0,
        "partial_unexpected_counts": [],
        "partial_unexpected_list": [],
        "unexpected_count": 0,
        "unexpected_percent": 0.0,
        "unexpected_percent_nonmissing": 0.0,
        "unexpected_percent_total": 0.0
      },
      "success": true
    },
    {
      "exception_info": {
        "exception_message": null,
        "exception_traceback": null,
        "raised_exception": false
      },
      "expectation_config": {
        "expectation_type": "expect_column_values_to_not_be_null",
        "kwargs": {
          "batch_id": "7d2fb52d1a8dc7e44a1b222411c1cfa4",
          "column": "c_name"
        },
        "meta": {
          "profiler_details": {
            "metric_configuration": {
              "domain_kwargs": {
                "column": "c_name"
              },
              "metric_name": "column_values.nonnull.unexpected_count",
              "metric_value_kwargs": null
            },
            "num_batches": 1
          }
        }
      },
      "meta": {},
      "result": {
        "element_count": 150001,
        "partial_unexpected_counts": [],
        "partial_unexpected_list": [],
        "unexpected_count": 0,
        "unexpected_percent": 0.0
      },
      "success": true
    },
    {
      "exception_info": {
        "exception_message": null,
        "exception_traceback": null,
        "raised_exception": false
      },
      "expectation_config": {
        "expectation_type": "expect_column_values_to_be_unique",
        "kwargs": {
          "batch_id": "7d2fb52d1a8dc7e44a1b222411c1cfa4",
          "column": "c_address"
        },
        "meta": {
          "profiler_details": {
            "metric_configuration": {
              "domain_kwargs": {
                "column": "c_address"
              },
              "metric_name": "column_values.unique.unexpected_count",
              "metric_value_kwargs": null
            },
            "num_batches": 1
          }
        }
      },
      "meta": {},
      "result": {
        "element_count": 150001,
        "missing_count": 0,
        "missing_percent": 0.0,
        "partial_unexpected_counts": [],
        "partial_unexpected_list": [],
        "unexpected_count": 0,
        "unexpected_percent": 0.0,
        "unexpected_percent_nonmissing": 0.0,
        "unexpected_percent_total": 0.0
      },
      "success": true
    },
    {
      "exception_info": {
        "exception_message": null,
        "exception_traceback": null,
        "raised_exception": false
      },
      "expectation_config": {
        "expectation_type": "expect_column_values_to_not_be_null",
        "kwargs": {
          "batch_id": "7d2fb52d1a8dc7e44a1b222411c1cfa4",
          "column": "c_address"
        },
        "meta": {
          "profiler_details": {
            "metric_configuration": {
              "domain_kwargs": {
                "column": "c_address"
              },
              "metric_name": "column_values.nonnull.unexpected_count",
              "metric_value_kwargs": null
            },
            "num_batches": 1
          }
        }
      },
      "meta": {},
      "result": {
        "element_count": 150001,
        "partial_unexpected_counts": [],
        "partial_unexpected_list": [],
        "unexpected_count": 0,
        "unexpected_percent": 0.0
      },
      "success": true
    },
    {
      "exception_info": {
        "exception_message": null,
        "exception_traceback": null,
        "raised_exception": false
      },
      "expectation_config": {
        "expectation_type": "expect_column_values_to_be_unique",
        "kwargs": {
          "batch_id": "7d2fb52d1a8dc7e44a1b222411c1cfa4",
          "column": "c_phone"
        },
        "meta": {
          "profiler_details": {
            "metric_configuration": {
              "domain_kwargs": {
                "column": "c_phone"
              },
              "metric_name": "column_values.unique.unexpected_count",
              "metric_value_kwargs": null
            },
            "num_batches": 1
          }
        }
      },
      "meta": {},
      "result": {
        "element_count": 150001,
        "missing_count": 0,
        "missing_percent": 0.0,
        "partial_unexpected_counts": [],
        "partial_unexpected_list": [],
        "unexpected_count": 0,
        "unexpected_percent": 0.0,
        "unexpected_percent_nonmissing": 0.0,
        "unexpected_percent_total": 0.0
      },
      "success": true
    },
    {
      "exception_info": {
        "exception_message": null,
        "exception_traceback": null,
        "raised_exception": false
      },
      "expectation_config": {
        "expectation_type": "expect_column_values_to_not_be_null",
        "kwargs": {
          "batch_id": "7d2fb52d1a8dc7e44a1b222411c1cfa4",
          "column": "c_phone"
        },
        "meta": {
          "profiler_details": {
            "metric_configuration": {
              "domain_kwargs": {
                "column": "c_phone"
              },
              "metric_name": "column_values.nonnull.unexpected_count",
              "metric_value_kwargs": null
            },
            "num_batches": 1
          }
        }
      },
      "meta": {},
      "result": {
        "element_count": 150001,
        "partial_unexpected_counts": [],
        "partial_unexpected_list": [],
        "unexpected_count": 0,
        "unexpected_percent": 0.0
      },
      "success": true
    },
    {
      "exception_info": {
        "exception_message": null,
        "exception_traceback": null,
        "raised_exception": false
      },
      "expectation_config": {
        "expectation_type": "expect_column_values_to_not_be_null",
        "kwargs": {
          "batch_id": "7d2fb52d1a8dc7e44a1b222411c1cfa4",
          "column": "c_nationkey"
        },
        "meta": {
          "profiler_details": {
            "metric_configuration": {
              "domain_kwargs": {
                "column": "c_nationkey"
              },
              "metric_name": "column_values.nonnull.unexpected_count",
              "metric_value_kwargs": null
            },
            "num_batches": 1
          }
        }
      },
      "meta": {},
      "result": {
        "element_count": 150001,
        "partial_unexpected_counts": [],
        "partial_unexpected_list": [],
        "unexpected_count": 0,
        "unexpected_percent": 0.0
      },
      "success": true
    },
    {
      "exception_info": {
        "exception_message": null,
        "exception_traceback": null,
        "raised_exception": false
      },
      "expectation_config": {
        "expectation_type": "expect_column_min_to_be_between",
        "kwargs": {
          "batch_id": "7d2fb52d1a8dc7e44a1b222411c1cfa4",
          "column": "c_nationkey",
          "max_value": 0,
          "min_value": 0,
          "strict_max": false,
          "strict_min": false
        },
        "meta": {
          "profiler_details": {
            "metric_configuration": {
              "domain_kwargs": {
                "column": "c_nationkey"
              },
              "metric_name": "column.min",
              "metric_value_kwargs": null
            },
            "num_batches": 1
          }
        }
      },
      "meta": {},
      "result": {
        "observed_value": 0
      },
      "success": true
    },
    {
      "exception_info": {
        "exception_message": null,
        "exception_traceback": null,
        "raised_exception": false
      },
      "expectation_config": {
        "expectation_type": "expect_column_max_to_be_between",
        "kwargs": {
          "batch_id": "7d2fb52d1a8dc7e44a1b222411c1cfa4",
          "column": "c_nationkey",
          "max_value": 0,
          "min_value": 24,
          "strict_max": false,
          "strict_min": false
        },
        "meta": {
          "profiler_details": {
            "metric_configuration": {
              "domain_kwargs": {
                "column": "c_nationkey"
              },
              "metric_name": "column.max",
              "metric_value_kwargs": null
            },
            "num_batches": 1
          }
        }
      },
      "meta": {},
      "result": {
        "observed_value": 24
      },
      "success": false
    },
    {
      "exception_info": {
        "exception_message": null,
        "exception_traceback": null,
        "raised_exception": false
      },
      "expectation_config": {
        "expectation_type": "expect_column_values_to_be_between",
        "kwargs": {
          "batch_id": "7d2fb52d1a8dc7e44a1b222411c1cfa4",
          "column": "c_nationkey",
          "max_value": 24,
          "min_value": 0,
          "mostly": 1.0,
          "strict_max": false,
          "strict_min": false
        },
        "meta": {
          "profiler_details": {
            "column_max_values_range_estimator": {
              "metric_configuration": {
                "domain_kwargs": {
                  "column": "c_nationkey"
                },
                "metric_name": "column.max",
                "metric_value_kwargs": null
              },
              "num_batches": 1
            },
            "column_min_values_range_estimator": {
              "metric_configuration": {
                "domain_kwargs": {
                  "column": "c_nationkey"
                },
                "metric_name": "column.min",
                "metric_value_kwargs": null
              },
              "num_batches": 1
            }
          }
        }
      },
      "meta": {},
      "result": {
        "element_count": 150001,
        "missing_count": 0,
        "missing_percent": 0.0,
        "partial_unexpected_counts": [],
        "partial_unexpected_list": [],
        "unexpected_count": 0,
        "unexpected_percent": 0.0,
        "unexpected_percent_nonmissing": 0.0,
        "unexpected_percent_total": 0.0
      },
      "success": true
    },
    {
      "exception_info": {
        "exception_message": null,
        "exception_traceback": null,
        "raised_exception": false
      },
      "expectation_config": {
        "expectation_type": "expect_column_quantile_values_to_be_between",
        "kwargs": {
          "allow_relative_error": false,
          "batch_id": "7d2fb52d1a8dc7e44a1b222411c1cfa4",
          "column": "c_nationkey",
          "quantile_ranges": {
            "quantiles": [
              0.25,
              0.5,
              0.75,
              1.0
            ],
            "value_ranges": [
              [
                0,
                5
              ],
              [
                6,
                10
              ],
              [
                11,
                14
              ],
              [
                15,
                18
              ]
            ]
          }
        },
        "meta": {
          "profiler_details": {
            "metric_configuration": {
              "domain_kwargs": {
                "column": "c_nationkey"
              },
              "metric_name": "column.quantile_values",
              "metric_value_kwargs": {
                "allow_relative_error": false,
                "quantiles": [
                  0.25,
                  0.5,
                  0.75
                ]
              }
            },
            "num_batches": 1
          }
        }
      },
      "meta": {},
      "result": {
        "details": {
          "success_details": [
            false,
            false,
            false,
            false
          ]
        },
        "observed_value": {
          "quantiles": [
            0.25,
            0.5,
            0.75,
            1.0
          ],
          "values": [
            6,
            12,
            18,
            24
          ]
        }
      },
      "success": false
    },
    {
      "exception_info": {
        "exception_message": null,
        "exception_traceback": null,
        "raised_exception": false
      },
      "expectation_config": {
        "expectation_type": "expect_column_median_to_be_between",
        "kwargs": {
          "batch_id": "7d2fb52d1a8dc7e44a1b222411c1cfa4",
          "column": "c_nationkey",
          "max_value": 12,
          "min_value": 12,
          "strict_max": false,
          "strict_min": false
        },
        "meta": {
          "profiler_details": {
            "metric_configuration": {
              "domain_kwargs": {
                "column": "c_nationkey"
              },
              "metric_name": "column.median",
              "metric_value_kwargs": null
            },
            "num_batches": 1
          }
        }
      },
      "meta": {},
      "result": {
        "observed_value": 12
      },
      "success": true
    },
    {
      "exception_info": {
        "exception_message": null,
        "exception_traceback": null,
        "raised_exception": false
      },
      "expectation_config": {
        "expectation_type": "expect_column_mean_to_be_between",
        "kwargs": {
          "batch_id": "7d2fb52d1a8dc7e44a1b222411c1cfa4",
          "column": "c_nationkey",
          "max_value": 12.00674,
          "min_value": 12.00674,
          "strict_max": false,
          "strict_min": false
        },
        "meta": {
          "profiler_details": {
            "metric_configuration": {
              "domain_kwargs": {
                "column": "c_nationkey"
              },
              "metric_name": "column.mean",
              "metric_value_kwargs": null
            },
            "num_batches": 1
          }
        }
      },
      "meta": {},
      "result": {
        "observed_value": 12.00674
      },
      "success": true
    },
    {
      "exception_info": {
        "exception_message": null,
        "exception_traceback": null,
        "raised_exception": false
      },
      "expectation_config": {
        "expectation_type": "expect_column_stdev_to_be_between",
        "kwargs": {
          "batch_id": "7d2fb52d1a8dc7e44a1b222411c1cfa4",
          "column": "c_nationkey",
          "max_value": 7.208176954,
          "min_value": 7.208176954,
          "strict_max": false,
          "strict_min": false
        },
        "meta": {
          "profiler_details": {
            "metric_configuration": {
              "domain_kwargs": {
                "column": "c_nationkey"
              },
              "metric_name": "column.standard_deviation",
              "metric_value_kwargs": null
            },
            "num_batches": 1
          }
        }
      },
      "meta": {},
      "result": {
        "observed_value": 7.208176954
      },
      "success": true
    },
    {
      "exception_info": {
        "exception_message": null,
        "exception_traceback": null,
        "raised_exception": false
      },
      "expectation_config": {
        "expectation_type": "expect_column_values_to_be_in_set",
        "kwargs": {
          "batch_id": "7d2fb52d1a8dc7e44a1b222411c1cfa4",
          "column": "c_nationkey",
          "mostly": 1.0,
          "value_set": [
            0,
            1,
            2,
            3,
            4,
            5,
            6,
            7,
            8,
            9,
            10,
            11,
            12,
            13,
            14,
            15,
            16,
            17,
            18,
            19,
            20,
            21,
            22,
            23,
            24
          ]
        },
        "meta": {
          "profiler_details": {
            "metric_configuration": {
              "domain_kwargs": {
                "column": "c_nationkey"
              },
              "metric_name": "column.distinct_values",
              "metric_value_kwargs": null
            },
            "num_batches": 1,
            "parse_strings_as_datetimes": false
          }
        }
      },
      "meta": {},
      "result": {
        "element_count": 150001,
        "missing_count": 0,
        "missing_percent": 0.0,
        "partial_unexpected_counts": [],
        "partial_unexpected_list": [],
        "unexpected_count": 0,
        "unexpected_percent": 0.0,
        "unexpected_percent_nonmissing": 0.0,
        "unexpected_percent_total": 0.0
      },
      "success": true
    },
    {
      "exception_info": {
        "exception_message": null,
        "exception_traceback": null,
        "raised_exception": false
      },
      "expectation_config": {
        "expectation_type": "expect_column_unique_value_count_to_be_between",
        "kwargs": {
          "batch_id": "7d2fb52d1a8dc7e44a1b222411c1cfa4",
          "column": "c_nationkey",
          "max_value": 25,
          "min_value": 25,
          "strict_max": false,
          "strict_min": false
        },
        "meta": {
          "profiler_details": {
            "metric_configuration": {
              "domain_kwargs": {
                "column": "c_nationkey"
              },
              "metric_name": "column.distinct_values.count",
              "metric_value_kwargs": null
            },
            "num_batches": 1
          }
        }
      },
      "meta": {},
      "result": {
        "observed_value": 25
      },
      "success": true
    },
    {
      "exception_info": {
        "exception_message": null,
        "exception_traceback": null,
        "raised_exception": false
      },
      "expectation_config": {
        "expectation_type": "expect_column_proportion_of_unique_values_to_be_between",
        "kwargs": {
          "batch_id": "7d2fb52d1a8dc7e44a1b222411c1cfa4",
          "column": "c_nationkey",
          "max_value": 0.0001666655555629629,
          "min_value": 0.0001666655555629629,
          "strict_max": false,
          "strict_min": false
        },
        "meta": {
          "profiler_details": {
            "metric_configuration": {
              "domain_kwargs": {
                "column": "c_nationkey"
              },
              "metric_name": "column.unique_proportion",
              "metric_value_kwargs": null
            },
            "num_batches": 1
          }
        }
      },
      "meta": {},
      "result": {
        "observed_value": 0.0001666655555629629
      },
      "success": true
    },
    {
      "exception_info": {
        "exception_message": null,
        "exception_traceback": null,
        "raised_exception": false
      },
      "expectation_config": {
        "expectation_type": "expect_column_values_to_be_in_set",
        "kwargs": {
          "batch_id": "7d2fb52d1a8dc7e44a1b222411c1cfa4",
          "column": "c_mktsegment",
          "mostly": 1.0,
          "value_set": [
            "FURNITURE",
            "MACHINERY",
            "BUILDING",
            "HOUSEHOLD",
            "AUTOMOBILE"
          ]
        },
        "meta": {
          "profiler_details": {
            "metric_configuration": {
              "domain_kwargs": {
                "column": "c_mktsegment"
              },
              "metric_name": "column.distinct_values",
              "metric_value_kwargs": null
            },
            "num_batches": 1,
            "parse_strings_as_datetimes": false
          }
        }
      },
      "meta": {},
      "result": {
        "element_count": 150001,
        "missing_count": 1,
        "missing_percent": 0.0006666622222518516,
        "partial_unexpected_counts": [],
        "partial_unexpected_list": [],
        "unexpected_count": 0,
        "unexpected_percent": 0.0,
        "unexpected_percent_nonmissing": 0.0,
        "unexpected_percent_total": 0.0
      },
      "success": true
    },
    {
      "exception_info": {
        "exception_message": null,
        "exception_traceback": null,
        "raised_exception": false
      },
      "expectation_config": {
        "expectation_type": "expect_column_unique_value_count_to_be_between",
        "kwargs": {
          "batch_id": "7d2fb52d1a8dc7e44a1b222411c1cfa4",
          "column": "c_mktsegment",
          "max_value": 5,
          "min_value": 5,
          "strict_max": false,
          "strict_min": false
        },
        "meta": {
          "profiler_details": {
            "metric_configuration": {
              "domain_kwargs": {
                "column": "c_mktsegment"
              },
              "metric_name": "column.distinct_values.count",
              "metric_value_kwargs": null
            },
            "num_batches": 1
          }
        }
      },
      "meta": {},
      "result": {
        "observed_value": 5
      },
      "success": true
    },
    {
      "exception_info": {
        "exception_message": null,
        "exception_traceback": null,
        "raised_exception": false
      },
      "expectation_config": {
        "expectation_type": "expect_column_proportion_of_unique_values_to_be_between",
        "kwargs": {
          "batch_id": "7d2fb52d1a8dc7e44a1b222411c1cfa4",
          "column": "c_mktsegment",
          "max_value": 3.3333333333333335e-05,
          "min_value": 3.3333333333333335e-05,
          "strict_max": false,
          "strict_min": false
        },
        "meta": {
          "profiler_details": {
            "metric_configuration": {
              "domain_kwargs": {
                "column": "c_mktsegment"
              },
              "metric_name": "column.unique_proportion",
              "metric_value_kwargs": null
            },
            "num_batches": 1
          }
        }
      },
      "meta": {},
      "result": {
        "observed_value": 3.3333333333333335e-05
      },
      "success": true
    }
  ],
  "statistics": {
    "evaluated_expectations": 30,
    "success_percent": 93.33333333333333,
    "successful_expectations": 28,
    "unsuccessful_expectations": 2
  },
  "success": false
}