{
  "data_asset_type": null,
  "expectation_suite_name": "EmployeeCount",
  "expectations": [
    {
      "expectation_type": "expect_table_row_count_to_be_between",
      "kwargs": {
        "max_value": 150000,
        "min_value": 150000
      },
      "meta": {}
    },
    {
      "expectation_type": "expect_table_columns_to_match_set",
      "kwargs": {
        "column_set": [
          "c_phone",
          "c_name",
          "c_nationkey",
          "c_address",
          "c_acctbal",
          "c_custkey",
          "c_mktsegment",
          "c_comment",
          "employeecount"
        ]
      },
      "meta": {}
    },
    {
      "expectation_type": "expect_column_values_to_not_be_null",
      "kwargs": {
        "column": "employeecount"
      },
      "meta": {
        "profiler_details": {
          "metric_configuration": {
            "domain_kwargs": {
              "column": "employeecount"
            },
            "metric_name": "column_values.nonnull.unexpected_count",
            "metric_value_kwargs": null
          },
          "num_batches": 1
        }
      }
    },
    {
      "expectation_type": "expect_column_values_to_be_in_set",
      "kwargs": {
        "column": "employeecount",
        "mostly": 1.0,
        "value_set": [
          "101 - 250",
          "251 - 500",
          "5,001 - 10,000",
          "50,001 - 100,000",
          "1 - 10",
          "1,001 - 5,000",
          "51 - 100",
          "more than 100,000",
          "11 - 50",
          "501 - 1,000",
          "10,001 - 50,000"
        ]
      },
      "meta": {
        "profiler_details": {
          "metric_configuration": {
            "domain_kwargs": {
              "column": "employeecount"
            },
            "metric_name": "column.distinct_values",
            "metric_value_kwargs": null
          },
          "num_batches": 1,
          "parse_strings_as_datetimes": false
        }
      }
    },
    {
      "expectation_type": "expect_column_unique_value_count_to_be_between",
      "kwargs": {
        "column": "employeecount",
        "max_value": 11,
        "min_value": 11,
        "strict_max": false,
        "strict_min": false
      },
      "meta": {
        "profiler_details": {
          "metric_configuration": {
            "domain_kwargs": {
              "column": "employeecount"
            },
            "metric_name": "column.distinct_values.count",
            "metric_value_kwargs": null
          },
          "num_batches": 1
        }
      }
    },
    {
      "expectation_type": "expect_column_proportion_of_unique_values_to_be_between",
      "kwargs": {
        "column": "employeecount",
        "max_value": 7.333333333333333e-05,
        "min_value": 7.333333333333333e-05,
        "strict_max": false,
        "strict_min": false
      },
      "meta": {
        "profiler_details": {
          "metric_configuration": {
            "domain_kwargs": {
              "column": "employeecount"
            },
            "metric_name": "column.unique_proportion",
            "metric_value_kwargs": null
          },
          "num_batches": 1
        }
      }
    }
  ],
  "ge_cloud_id": null,
  "meta": {
    "citations": [
      {
        "citation_date": "2023-01-09T08:59:38.830201Z",
        "comment": "Created by effective Rule-Based Profiler of OnboardingDataAssistant with the configuration included.\n"
      },
      {
        "batch_request": {
          "data_asset_name": "DEV_TABLE",
          "data_connector_name": "default_configured_data_connector_name",
          "datasource_name": "my_datasource",
          "limit": 1000
        },
        "citation_date": "2023-01-09T09:01:04.853413Z",
        "comment": "Created suite added via CLI"
      }
    ],
    "great_expectations_version": "0.15.41"
  }
}