{
  "data_asset_type": null,
  "expectation_suite_name": "profiler_based_expectation1",
  "expectations": [
    {
      "expectation_type": "expect_table_row_count_to_be_between",
      "kwargs": {
        "max_value": 610,
        "min_value": 610
      },
      "meta": {
        "profiler_details": {
          "metric_configuration": {
            "domain_kwargs": {},
            "metric_dependencies": null,
            "metric_name": "table.row_count",
            "metric_value_kwargs": null
          },
          "num_batches": 1
        }
      }
    },
    {
      "expectation_type": "expect_table_columns_to_match_set",
      "kwargs": {
        "column_set": [
          "Male",
          "Unnamed: 0",
          "Age",
          "Area Income",
          "City",
          "Timestamp",
          "Country",
          "Clicked on Ad",
          "Daily Time Spent on Site",
          "Ad Topic Line",
          "Daily Internet Usage"
        ],
        "exact_match": null
      },
      "meta": {
        "profiler_details": {
          "success_ratio": 1.0
        }
      }
    },
    {
      "expectation_type": "expect_column_values_to_not_be_null",
      "kwargs": {
        "column": "Age"
      },
      "meta": {
        "profiler_details": {
          "metric_configuration": {
            "domain_kwargs": {
              "column": "Age"
            },
            "metric_dependencies": null,
            "metric_name": "column_values.nonnull.unexpected_count",
            "metric_value_kwargs": null
          },
          "num_batches": 1
        }
      }
    },
    {
      "expectation_type": "expect_column_values_to_not_be_null",
      "kwargs": {
        "column": "City"
      },
      "meta": {
        "profiler_details": {
          "metric_configuration": {
            "domain_kwargs": {
              "column": "City"
            },
            "metric_dependencies": null,
            "metric_name": "column_values.nonnull.unexpected_count",
            "metric_value_kwargs": null
          },
          "num_batches": 1
        }
      }
    },
    {
      "expectation_type": "expect_column_min_to_be_between",
      "kwargs": {
        "column": "Age",
        "max_value": 19,
        "min_value": 19,
        "strict_max": false,
        "strict_min": false
      },
      "meta": {
        "profiler_details": {
          "metric_configuration": {
            "domain_kwargs": {
              "column": "Age"
            },
            "metric_dependencies": null,
            "metric_name": "column.min",
            "metric_value_kwargs": null
          },
          "num_batches": 1
        }
      }
    },
    {
      "expectation_type": "expect_column_max_to_be_between",
      "kwargs": {
        "column": "Age",
        "max_value": 61,
        "min_value": 61,
        "strict_max": false,
        "strict_min": false
      },
      "meta": {
        "profiler_details": {
          "metric_configuration": {
            "domain_kwargs": {
              "column": "Age"
            },
            "metric_dependencies": null,
            "metric_name": "column.max",
            "metric_value_kwargs": null
          },
          "num_batches": 1
        }
      }
    },
    {
      "expectation_type": "expect_column_values_to_be_between",
      "kwargs": {
        "column": "Age",
        "max_value": 61,
        "min_value": 19,
        "mostly": 1.0,
        "strict_max": false,
        "strict_min": false
      },
      "meta": {
        "profiler_details": {
          "column_max_values_range_estimator": {
            "metric_configuration": {
              "domain_kwargs": {
                "column": "Age"
              },
              "metric_dependencies": null,
              "metric_name": "column.max",
              "metric_value_kwargs": null
            },
            "num_batches": 1
          },
          "column_min_values_range_estimator": {
            "metric_configuration": {
              "domain_kwargs": {
                "column": "Age"
              },
              "metric_dependencies": null,
              "metric_name": "column.min",
              "metric_value_kwargs": null
            },
            "num_batches": 1
          }
        }
      }
    },
    {
      "expectation_type": "expect_column_quantile_values_to_be_between",
      "kwargs": {
        "allow_relative_error": false,
        "column": "Age",
        "quantile_ranges": {
          "quantiles": [
            0.25,
            0.5,
            0.75
          ],
          "value_ranges": [
            [
              29,
              29
            ],
            [
              35,
              35
            ],
            [
              42,
              42
            ]
          ]
        }
      },
      "meta": {
        "profiler_details": {
          "metric_configuration": {
            "domain_kwargs": {
              "column": "Age"
            },
            "metric_dependencies": null,
            "metric_name": "column.quantile_values",
            "metric_value_kwargs": {
              "allow_relative_error": false,
              "quantiles": [
                0.25,
                0.5,
                0.75
              ]
            }
          },
          "num_batches": 1
        }
      }
    },
    {
      "expectation_type": "expect_column_median_to_be_between",
      "kwargs": {
        "column": "Age",
        "max_value": 35.0,
        "min_value": 35.0,
        "strict_max": false,
        "strict_min": false
      },
      "meta": {
        "profiler_details": {
          "metric_configuration": {
            "domain_kwargs": {
              "column": "Age"
            },
            "metric_dependencies": null,
            "metric_name": "column.median",
            "metric_value_kwargs": null
          },
          "num_batches": 1
        }
      }
    },
    {
      "expectation_type": "expect_column_mean_to_be_between",
      "kwargs": {
        "column": "Age",
        "max_value": 36.05081967213115,
        "min_value": 36.05081967213115,
        "strict_max": false,
        "strict_min": false
      },
      "meta": {
        "profiler_details": {
          "metric_configuration": {
            "domain_kwargs": {
              "column": "Age"
            },
            "metric_dependencies": null,
            "metric_name": "column.mean",
            "metric_value_kwargs": null
          },
          "num_batches": 1
        }
      }
    },
    {
      "expectation_type": "expect_column_stdev_to_be_between",
      "kwargs": {
        "column": "Age",
        "max_value": 8.918295855659336,
        "min_value": 8.918295855659336,
        "strict_max": false,
        "strict_min": false
      },
      "meta": {
        "profiler_details": {
          "metric_configuration": {
            "domain_kwargs": {
              "column": "Age"
            },
            "metric_dependencies": null,
            "metric_name": "column.standard_deviation",
            "metric_value_kwargs": null
          },
          "num_batches": 1
        }
      }
    },
    {
      "expectation_type": "expect_column_value_lengths_to_be_between",
      "kwargs": {
        "column": "City",
        "max_value": 20,
        "min_value": 7,
        "mostly": 1.0,
        "strict_max": false,
        "strict_min": false
      },
      "meta": {
        "profiler_details": {
          "column_max_length_range_estimator": {
            "metric_configuration": {
              "domain_kwargs": {
                "column": "City"
              },
              "metric_dependencies": null,
              "metric_name": "column_values.length.max",
              "metric_value_kwargs": null
            },
            "num_batches": 1
          },
          "column_min_length_range_estimator": {
            "metric_configuration": {
              "domain_kwargs": {
                "column": "City"
              },
              "metric_dependencies": null,
              "metric_name": "column_values.length.min",
              "metric_value_kwargs": null
            },
            "num_batches": 1
          }
        }
      }
    },
    {
      "expectation_type": "expect_column_values_to_match_regex",
      "kwargs": {
        "column": "City",
        "mostly": 1.0,
        "regex": "(?:[A-Fa-f0-9]){0,4}(?: ?:? ?(?:[A-Fa-f0-9]){0,4}){0,7}"
      },
      "meta": {
        "profiler_details": {
          "evaluated_regexes": {
            "(?:25[0-5]|2[0-4]\\d|[01]\\d{2}|\\d{1,2})(?:.(?:25[0-5]|2[0-4]\\d|[01]\\d{2}|\\d{1,2})){3}": 0.0,
            "(?:[A-Fa-f0-9]){0,4}(?: ?:? ?(?:[A-Fa-f0-9]){0,4}){0,7}": 1.0,
            "-?\\d+": 0.0,
            "-?\\d+(?:\\.\\d*)?": 0.0,
            "<\\/?(?:p|a|b|img)(?: \\/)?>": 0.0,
            "[A-Za-z0-9\\.,;:!?()\\\"'%\\-]+": 1.0,
            "\\b[0-9a-fA-F]{8}\\b-[0-9a-fA-F]{4}-[0-5][0-9a-fA-F]{3}-[089ab][0-9a-fA-F]{3}-\\b[0-9a-fA-F]{12}\\b ": 0.0,
            "\\d+": 0.0,
            "\\s+$": 0.0,
            "^\\s+": 0.0,
            "https?:\\/\\/(?:www\\.)?[-a-zA-Z0-9@:%._\\+~#=]{2,255}\\.[a-z]{2,6}\\b(?:[-a-zA-Z0-9@:%_\\+.~#()?&//=]*)": 0.0
          },
          "success_ratio": 1.0
        }
      }
    },
    {
      "expectation_type": "expect_column_values_to_be_in_set",
      "kwargs": {
        "column": "Age",
        "mostly": 1.0,
        "value_set": [
          19,
          20,
          21,
          22,
          23,
          24,
          25,
          26,
          27,
          28,
          29,
          30,
          31,
          32,
          33,
          34,
          35,
          36,
          37,
          38,
          39,
          40,
          41,
          42,
          43,
          44,
          45,
          46,
          47,
          48,
          49,
          50,
          51,
          52,
          53,
          54,
          55,
          56,
          57,
          58,
          59,
          60,
          61
        ]
      },
      "meta": {
        "profiler_details": {
          "metric_configuration": {
            "domain_kwargs": {
              "column": "Age"
            },
            "metric_dependencies": null,
            "metric_name": "column.distinct_values",
            "metric_value_kwargs": null
          },
          "num_batches": 1,
          "parse_strings_as_datetimes": false
        }
      }
    },
    {
      "expectation_type": "expect_column_unique_value_count_to_be_between",
      "kwargs": {
        "column": "Age",
        "max_value": 43,
        "min_value": 43,
        "strict_max": false,
        "strict_min": false
      },
      "meta": {
        "profiler_details": {
          "metric_configuration": {
            "domain_kwargs": {
              "column": "Age"
            },
            "metric_dependencies": null,
            "metric_name": "column.distinct_values.count",
            "metric_value_kwargs": null
          },
          "num_batches": 1
        }
      }
    },
    {
      "expectation_type": "expect_column_proportion_of_unique_values_to_be_between",
      "kwargs": {
        "column": "Age",
        "max_value": 0.07049180327868852,
        "min_value": 0.07049180327868852,
        "strict_max": false,
        "strict_min": false
      },
      "meta": {
        "profiler_details": {
          "metric_configuration": {
            "domain_kwargs": {
              "column": "Age"
            },
            "metric_dependencies": null,
            "metric_name": "column.unique_proportion",
            "metric_value_kwargs": null
          },
          "num_batches": 1
        }
      }
    }
  ],
  "ge_cloud_id": null,
  "meta": {
    "citations": [
      {
        "citation_date": "2022-09-28T13:11:27.208726Z",
        "comment": "Created by effective Rule-Based Profiler of OnboardingDataAssistant with the configuration included.\n"
      }
    ],
    "great_expectations_version": "0.15.25"
  }
}